id,ident,type,name,latitude_deg,longitude_deg,elevation_ft,continent,iso_country,iso_region,municipality,scheduled_service,icao_code,iata_code,gps_code,local_code,home_link,wikipedia_link,keywords
12243,5A8,medium_airport,Aleknagik / New Airport,59.2826004028,-158.617996216,66.0,,US,US-AK,Aleknagik,yes,,WKK,5A8,5A8,,https://en.wikipedia.org/wiki/Aleknagik_Airport,
18945,K61B,medium_airport,Boulder City Municipal Airport,35.947161,-114.858799,2201.0,,US,US-NV,Boulder City,yes,KBVU,BLD,KBVU,BVU,,https://en.wikipedia.org/wiki/Boulder_City_Municipal_Airport,61B
3356,KABE,medium_airport,Lehigh Valley International Airport,40.651773,-75.442797,393.0,,US,US-PA,Allentown/Bethlehem,yes,KABE,ABE,KABE,ABE,https://flyabe.com,https://en.wikipedia.org/wiki/Lehigh_Valley_International_Airport,Allentown–Bethlehem–Easton International Airport
3357,KABI,medium_airport,Abilene Regional Airport,32.4113006592,-99.6819000244,1791.0,,US,US-TX,Abilene,yes,KABI,ABI,KABI,ABI,,https://en.wikipedia.org/wiki/Abilene_Regional_Airport,
16091,KABQ,large_airport,Albuquerque International Sunport,35.039976,-106.608925,5355.0,,US,US-NM,Albuquerque,yes,KABQ,ABQ,KABQ,ABQ,http://www.abqsunport.com/,https://en.wikipedia.org/wiki/Albuquerque_International_Sunport,
3358,KABR,medium_airport,Aberdeen Regional Airport,45.449100494384766,-98.42179870605467,1302.0,,US,US-SD,Aberdeen,yes,KABR,ABR,KABR,ABR,,https://en.wikipedia.org/wiki/Aberdeen_Regional_Airport,
3359,KABY,medium_airport,Southwest Georgia Regional Airport,31.532946,-84.196215,197.0,,US,US-GA,Albany,yes,KABY,ABY,KABY,ABY,,https://en.wikipedia.org/wiki/Southwest_Georgia_Regional_Airport,
3360,KACK,medium_airport,Nantucket Memorial Airport,41.25310135,-70.06020355,47.0,,US,US-MA,Nantucket,yes,KACK,ACK,KACK,ACK,,https://en.wikipedia.org/wiki/Nantucket_Memorial_Airport,
3361,KACT,medium_airport,Waco Regional Airport,31.611299514770508,-97.23049926757812,516.0,,US,US-TX,Waco,yes,KACT,ACT,KACT,ACT,,https://en.wikipedia.org/wiki/Waco_Regional_Airport,
3362,KACV,medium_airport,California Redwood Coast-Humboldt County Airport,40.978101,-124.109,221.0,,US,US-CA,Arcata/Eureka,yes,KACV,ACV,KACV,ACV,https://flyacv.com,https://en.wikipedia.org/wiki/Arcata-Eureka_Airport,"Arcata Airport, Arcata–Eureka Airport"
3363,KACY,medium_airport,Atlantic City International Airport,39.456201,-74.577511,75.0,,US,US-NJ,Atlantic City,yes,KACY,ACY,KACY,ACY,https://acairport.com,https://en.wikipedia.org/wiki/Atlantic_City_International_Airport,
3365,KAEX,medium_airport,Alexandria International Airport,31.325828,-92.546702,89.0,,US,US-LA,Alexandria,yes,KAEX,AEX,KAEX,AEX,https://www.alexandria-louisiana.com/alexandria-international-airport.htm,https://en.wikipedia.org/wiki/Alexandria_International_Airport_(Louisiana),"England Air Park, England Air Force Base"
3368,KAGS,medium_airport,Augusta Regional At Bush Field,33.3699,-81.9645,144.0,,US,US-GA,Augusta,yes,KAGS,AGS,KAGS,AGS,,https://en.wikipedia.org/wiki/Augusta_Regional_Airport,
19257,KAIA,medium_airport,Alliance Municipal Airport,42.052543,-102.803965,3931.0,,US,US-NE,Alliance,yes,KAIA,AIA,KAIA,AIA,,https://en.wikipedia.org/wiki/Alliance_Municipal_Airport,
3371,KALB,large_airport,Albany International Airport,42.748299,-73.801697,285.0,,US,US-NY,Albany,yes,KALB,ALB,KALB,ALB,http://www.albanyairport.com/,https://en.wikipedia.org/wiki/Albany_International_Airport,
3375,KALO,medium_airport,Waterloo Regional Airport,42.557098388671875,-92.40029907226562,873.0,,US,US-IA,Waterloo,yes,KALO,ALO,KALO,ALO,,https://en.wikipedia.org/wiki/Waterloo_Regional_Airport,
19275,KALS,medium_airport,San Luis Valley Regional Airport/Bergman Field,37.434898,-105.866997,7539.0,,US,US-CO,Alamosa,yes,KALS,ALS,KALS,ALS,https://www.sanluisvalleyairport.org/,https://en.wikipedia.org/wiki/San_Luis_Valley_Regional_Airport,
3376,KALW,medium_airport,Walla Walla Regional Airport,46.09489822,-118.288002,1194.0,,US,US-WA,Walla Walla,yes,KALW,ALW,KALW,ALW,,https://en.wikipedia.org/wiki/Walla_Walla_Regional_Airport,
3377,KAMA,medium_airport,Rick Husband Amarillo International Airport,35.217857,-101.706444,3607.0,,US,US-TX,Amarillo,yes,KAMA,AMA,KAMA,AMA,http://airport.amarillo.gov/,https://en.wikipedia.org/wiki/Rick_Husband_Amarillo_International_Airport,
3380,KAOO,medium_airport,Altoona Blair County Airport,40.296398,-78.32,1503.0,,US,US-PA,Altoona,yes,KAOO,AOO,KAOO,AOO,,https://en.wikipedia.org/wiki/Altoona-Blair_County_Airport,
3382,KAPN,medium_airport,Alpena County Regional Airport,45.0780983,-83.56030273,690.0,,US,US-MI,Alpena,yes,KAPN,APN,KAPN,APN,,https://en.wikipedia.org/wiki/Alpena_County_Regional_Airport,
3383,KART,medium_airport,Watertown International Airport,43.991901,-76.021698,325.0,,US,US-NY,Watertown,yes,KART,ART,KART,ART,,https://en.wikipedia.org/wiki/Watertown_International_Airport,
19308,KASE,medium_airport,Aspen-Pitkin County Airport (Sardy Field),39.223202,-106.869003,7820.0,,US,US-CO,Aspen,yes,KASE,ASE,KASE,ASE,http://aspenairport.com/,https://en.wikipedia.org/wiki/Aspen%E2%80%93Pitkin_County_Airport,
3384,KATL,large_airport,Hartsfield Jackson Atlanta International Airport,33.6367,-84.428101,1026.0,,US,US-GA,Atlanta,yes,KATL,ATL,KATL,ATL,https://www.atl.com,https://en.wikipedia.org/wiki/Hartsfield–Jackson_Atlanta_International_Airport,
19320,KATW,medium_airport,Appleton International Airport,44.258515,-88.519,918.0,,US,US-WI,Appleton,yes,KATW,ATW,KATW,ATW,http://atwairport.com/,https://en.wikipedia.org/wiki/Outagamie_County_Regional_Airport,Outagamie County Regional Airport
3385,KATY,medium_airport,Watertown Regional Airport,44.91400146,-97.15470123,1749.0,,US,US-SD,Watertown,yes,KATY,ATY,KATY,ATY,,https://en.wikipedia.org/wiki/Watertown_Regional_Airport,
19321,KAUG,medium_airport,Augusta State Airport,44.320598602299995,-69.7973022461,352.0,,US,US-ME,Augusta,yes,KAUG,AUG,KAUG,AUG,,https://en.wikipedia.org/wiki/Augusta_State_Airport,
3386,KAUS,large_airport,Austin Bergstrom International Airport,30.197535,-97.662015,542.0,,US,US-TX,Austin,yes,KAUS,AUS,KAUS,AUS,http://www.ci.austin.tx.us/austinairport/,https://en.wikipedia.org/wiki/Austin-Bergstrom_International_Airport,"BSM, KBSM, Bergstrom AFB"
3387,KAVL,medium_airport,Asheville Regional Airport,35.435488,-82.541853,2165.0,,US,US-NC,Asheville,yes,KAVL,AVL,KAVL,AVL,https://flyavl.com,https://en.wikipedia.org/wiki/Asheville_Regional_Airport,
3388,KAVP,medium_airport,Wilkes-Barre/Scranton International Airport,41.337064,-75.724232,962.0,,US,US-PA,Wilkes-Barre/Scranton,yes,KAVP,AVP,KAVP,AVP,http://www.flyavp.com/,https://en.wikipedia.org/wiki/Wilkes-Barre/Scranton_International_Airport,
19334,KAWO,medium_airport,Arlington Municipal Airport,48.161448,-122.158442,142.0,,US,US-WA,Arlington,yes,KAWO,,KAWO,AWO,,https://en.wikipedia.org/wiki/Arlington_Municipal_Airport_(Washington),
3390,KAZO,medium_airport,Kalamazoo/Battle Creek International Airport,42.232105,-85.549637,874.0,,US,US-MI,Kalamazoo,yes,KAZO,AZO,KAZO,AZO,https://flyazo.com,https://en.wikipedia.org/wiki/Kalamazoo-Battle_Creek_International_Airport,
45961,KBBG,medium_airport,Branson Airport,36.532082,-93.200544,1302.0,,US,US-MO,Branson,yes,KBBG,BKG,KBBG,BBG,http://flybranson.com/,https://en.wikipedia.org/wiki/Branson_Airport,
3396,KBDL,large_airport,Bradley International Airport,41.938555,-72.688016,173.0,,US,US-CT,Hartford,yes,KBDL,BDL,KBDL,BDL,http://www.bradleyairport.com/,https://en.wikipedia.org/wiki/Bradley_International_Airport,"HFD, Hartford"
3398,KBED,medium_airport,Laurence G Hanscom Field,42.470001,-71.289001,133.0,,US,US-MA,Bedford,yes,KBED,BED,KBED,BED,http://www.massport.com/hansc/,https://en.wikipedia.org/wiki/Hanscom_Field,Hanscom Air Force Base
3399,KBFD,medium_airport,Bradford Regional Airport,41.8031005859375,-78.64009857177734,2143.0,,US,US-PA,Bradford,yes,KBFD,BFD,KBFD,BFD,,https://en.wikipedia.org/wiki/Bradford_Regional_Airport,
3400,KBFF,medium_airport,Western Neb. Rgnl/William B. Heilig Airport,41.87400055,-103.5960007,3967.0,,US,US-NE,Scottsbluff,yes,KBFF,BFF,KBFF,BFF,,https://en.wikipedia.org/wiki/Western_Nebraska_Regional_Airport,William B. Heilig Field
3401,KBFI,medium_airport,King County International Airport - Boeing Field,47.527042,-122.29995,21.0,,US,US-WA,Seattle,yes,KBFI,BFI,KBFI,BFI,https://kingcounty.gov/airport,https://en.wikipedia.org/wiki/Boeing_Field,Boeing Field
3402,KBFL,medium_airport,Meadows Field,35.433601,-119.056999,510.0,,US,US-CA,Bakersfield,yes,KBFL,BFL,KBFL,BFL,,https://en.wikipedia.org/wiki/Meadows_Field_Airport,
3404,KBGM,medium_airport,Greater Binghamton/Edwin A Link field,42.20869827,-75.97979736,1636.0,,US,US-NY,Binghamton,yes,KBGM,BGM,KBGM,BGM,http://binghamtonairport.com/,https://en.wikipedia.org/wiki/Greater_Binghamton_Airport,"Broome County Airport, Edwin A Link Field"
3405,KBGR,medium_airport,Bangor International Airport,44.806364,-68.826668,192.0,,US,US-ME,Bangor,yes,KBGR,BGR,KBGR,BGR,https://flybangor.com,https://en.wikipedia.org/wiki/Bangor_International_Airport,
19373,KBHB,medium_airport,Hancock County-Bar Harbor Airport,44.45000076,-68.3615036,83.0,,US,US-ME,Bar Harbor,yes,KBHB,BHB,KBHB,BHB,,https://en.wikipedia.org/wiki/Hancock_County-Bar_Harbor_Airport,
3406,KBHM,large_airport,Birmingham-Shuttlesworth International Airport,33.562877,-86.750712,650.0,,US,US-AL,Birmingham,yes,KBHM,BHM,KBHM,BHM,http://www.flybirmingham.com/,https://en.wikipedia.org/wiki/Birmingham_International_Airport_(US),
19377,KBIH,medium_airport,Eastern Sierra Regional Airport,37.3731,-118.363998,4124.0,,US,US-CA,Bishop,yes,KBIH,BIH,KBIH,BIH,http://www.inyocounty.us/Airport/index.html,https://en.wikipedia.org/wiki/Eastern_Sierra_Regional_Airport,
3408,KBIL,medium_airport,Billings Logan International Airport,45.808932,-108.541242,3652.0,,US,US-MT,Billings,yes,KBIL,BIL,KBIL,BIL,,https://en.wikipedia.org/wiki/Billings_Logan_International_Airport,
3409,KBIS,medium_airport,Bismarck Municipal Airport,46.772734,-100.746874,1661.0,,US,US-ND,Bismarck,yes,KBIS,BIS,KBIS,BIS,https://bismarckairport.com/,https://en.wikipedia.org/wiki/Bismarck_Municipal_Airport,Burleigh County Airport
3411,KBJC,medium_airport,Rocky Mountain Metropolitan Airport,39.908798,-105.116997,5673.0,,US,US-CO,Denver,yes,KBJC,BJC,KBJC,BJC,,https://en.wikipedia.org/wiki/Rocky_Mountain_Metropolitan_Airport,"Jefferson County Airport, Jeffco Airport"
3415,KBKW,medium_airport,Raleigh County Memorial Airport,37.7873,-81.124199,2504.0,,US,US-WV,Beaver,yes,KBKW,BKW,KBKW,BKW,,https://en.wikipedia.org/wiki/Beckley_Raleigh_County_Memorial_Airport,Beckley
3416,KBLI,medium_airport,Bellingham International Airport,48.79280090332031,-122.53800201416016,170.0,,US,US-WA,Bellingham,yes,KBLI,BLI,KBLI,BLI,,https://en.wikipedia.org/wiki/Bellingham_International_Airport,
3417,KBLV,medium_airport,Scott AFB/Midamerica Airport,38.5452,-89.835197,459.0,,US,US-IL,Belleville,yes,KBLV,BLV,KBLV,BLV,,https://en.wikipedia.org/wiki/Scott_Air_Force_Base,Scott Air Force Base
3419,KBMI,medium_airport,Central Illinois Regional Airport at Bloomington-Normal,40.4771,-88.915901,871.0,,US,US-IL,Bloomington/Normal,yes,KBMI,BMI,KBMI,BMI,,https://en.wikipedia.org/wiki/Central_Illinois_Regional_Airport,
3420,KBNA,large_airport,Nashville International Airport,36.1245,-86.6782,599.0,,US,US-TN,Nashville,yes,KBNA,BNA,KBNA,BNA,https://flynashville.com/,https://en.wikipedia.org/wiki/Nashville_International_Airport,
3421,KBOI,large_airport,Boise Air Terminal/Gowen Field,43.5644,-116.223,2871.0,,US,US-ID,Boise,yes,KBOI,BOI,KBOI,BOI,http://www.cityofboise.org/departments/airport/,https://en.wikipedia.org/wiki/Boise_Airport,"Boise Air Terminal, Gowen Field"
3422,KBOS,large_airport,Boston Logan International Airport,42.36197,-71.0079,20.0,,US,US-MA,Boston,yes,KBOS,BOS,KBOS,BOS,http://www.massport.com/logan/,https://en.wikipedia.org/wiki/Logan_International_Airport,General Edward Lawrence Logan International Airport
3423,KBPT,medium_airport,Jack Brooks Regional Airport,29.9508,-94.020699,15.0,,US,US-TX,Beaumont/Port Arthur,yes,KBPT,BPT,KBPT,BPT,https://flysetx.com/,https://en.wikipedia.org/wiki/Jack_Brooks_Regional_Airport,Southeast Texas Regional
3424,KBQK,medium_airport,Brunswick Golden Isles Airport,31.258801,-81.466499,26.0,,US,US-GA,Brunswick,yes,KBQK,BQK,KBQK,BQK,,https://en.wikipedia.org/wiki/Brunswick_Golden_Isles_Airport,Glynco Jetport
19406,KBRD,medium_airport,Brainerd Lakes Regional Airport,46.402861,-94.129727,1232.0,,US,US-MN,Brainerd,yes,KBRD,BRD,KBRD,BRD,http://brainerdairport.com/,https://en.wikipedia.org/wiki/Brainerd_Lakes_Regional_Airport,Crow Wing County Airport
3425,KBRL,medium_airport,Southeast Iowa Regional Airport,40.783199310302734,-91.12550354003906,698.0,,US,US-IA,Burlington,yes,KBRL,BRL,KBRL,BRL,,https://en.wikipedia.org/wiki/Southeast_Iowa_Regional_Airport,
3426,KBRO,medium_airport,Brownsville South Padre Island International Airport,25.907238,-97.425235,22.0,,US,US-TX,Brownsville,yes,KBRO,BRO,KBRO,BRO,https://flybrownsville.com,https://en.wikipedia.org/wiki/Brownsville/South_Padre_Island_International_Airport,
3428,KBTM,medium_airport,Bert Mooney Airport,45.95479965209961,-112.49700164794922,5550.0,,US,US-MT,Butte,yes,KBTM,BTM,KBTM,BTM,,https://en.wikipedia.org/wiki/Bert_Mooney_Airport,
3429,KBTR,medium_airport,Baton Rouge Metropolitan Airport,30.533199,-91.149597,70.0,,US,US-LA,Baton Rouge,yes,KBTR,BTR,KBTR,BTR,,https://en.wikipedia.org/wiki/Baton_Rouge_Metropolitan_Airport,
3430,KBTV,medium_airport,Patrick Leahy Burlington International Airport,44.471901,-73.153297,335.0,,US,US-VT,Burlington,yes,KBTV,BTV,KBTV,BTV,http://www.vermontairports.com/btv.html,https://en.wikipedia.org/wiki/Burlington_International_Airport,
3431,KBUF,large_airport,Buffalo Niagara International Airport,42.940498,-78.732201,728.0,,US,US-NY,Buffalo,yes,KBUF,BUF,KBUF,BUF,https://www.buffaloairport.com/,https://en.wikipedia.org/wiki/Buffalo_Niagara_International_Airport,
3432,KBUR,large_airport,Hollywood Burbank/Bob Hope Airport,34.202834,-118.35805,778.0,,US,US-CA,Burbank,yes,KBUR,BUR,KBUR,BUR,https://www.hollywoodburbankairport.com/,https://en.wikipedia.org/wiki/Hollywood_Burbank_Airport,"United Airport, Union Air Terminal, Lockheed Air Terminal, Burbank–Glendale–Pasadena"
3435,KBWI,large_airport,Baltimore/Washington International Thurgood Marshall Airport,39.1754,-76.668297,146.0,,US,US-MD,Baltimore,yes,KBWI,BWI,KBWI,BWI,https://www.bwiairport.com/,https://en.wikipedia.org/wiki/Baltimore/Washington_International_Airport,"WAS, Friendship International"
3437,KBZN,medium_airport,Bozeman Yellowstone International Airport,45.778853,-111.153711,4473.0,,US,US-MT,Bozeman,yes,KBZN,BZN,KBZN,BZN,https://bozemanairport.com,https://en.wikipedia.org/wiki/Bozeman_Yellowstone_International_Airport,Gallatin Field
3438,KCAE,medium_airport,Columbia Metropolitan Airport,33.938172,-81.123022,236.0,,US,US-SC,Columbia,yes,KCAE,CAE,KCAE,CAE,https://flycae.com,https://en.wikipedia.org/wiki/Columbia_Metropolitan_Airport,
3439,KCAK,medium_airport,Akron Canton Regional Airport,40.91609954833984,-81.44219970703125,1228.0,,US,US-OH,Akron,yes,KCAK,CAK,KCAK,CAK,,https://en.wikipedia.org/wiki/Akron-Canton_Regional_Airport,
19469,KCCR,medium_airport,Buchanan Field,37.9897,-122.056999,26.0,,US,US-CA,Concord,yes,KCCR,CCR,KCCR,CCR,,https://en.wikipedia.org/wiki/Buchanan_Field_Airport,
3442,KCDC,medium_airport,Cedar City Regional Airport,37.70100021362305,-113.0989990234375,5622.0,,US,US-UT,Cedar City,yes,KCDC,CDC,KCDC,CDC,,https://en.wikipedia.org/wiki/Cedar_City_Regional_Airport,
19474,KCDR,medium_airport,Chadron Municipal Airport,42.837601,-103.095001,3297.0,,US,US-NE,Chadron,yes,KCDR,CDR,KCDR,CDR,,https://en.wikipedia.org/wiki/Chadron_Municipal_Airport,
3443,KCEC,medium_airport,Jack Mc Namara Field Airport,41.778929,-124.236403,61.0,,US,US-CA,Crescent City,yes,KCEC,CEC,KCEC,CEC,,https://en.wikipedia.org/wiki/Del_Norte_County_Airport,Jack McNamara Field
19482,KCEZ,medium_airport,Cortez Municipal Airport,37.303001,-108.627998,5918.0,,US,US-CO,Cortez,yes,KCEZ,CEZ,KCEZ,CEZ,http://www.cityofcortez.com/index.aspx?NID=113,https://en.wikipedia.org/wiki/Cortez_Municipal_Airport,
3447,KCGI,medium_airport,Cape Girardeau Regional Airport,37.2253,-89.570801,342.0,,US,US-MO,Cape Girardeau,yes,KCGI,CGI,KCGI,CGI,,https://en.wikipedia.org/wiki/Cape_Girardeau_Regional_Airport,
3448,KCHA,medium_airport,Chattanooga Metropolitan Airport (Lovell Field),35.035301,-85.203796,683.0,,US,US-TN,Chattanooga,yes,KCHA,CHA,KCHA,CHA,https://www.flycha.com/,https://en.wikipedia.org/wiki/Chattanooga_Metropolitan_Airport,
3449,KCHO,medium_airport,Charlottesville Albemarle Airport,38.13859939575195,-78.4529037475586,639.0,,US,US-VA,Charlottesville,yes,KCHO,CHO,KCHO,CHO,,https://en.wikipedia.org/wiki/Charlottesville-Albemarle_Airport,
3450,KCHS,large_airport,Charleston International Airport,32.896159,-80.038151,46.0,,US,US-SC,Charleston,yes,KCHS,CHS,KCHS,CHS,https://www.iflychs.com/,https://en.wikipedia.org/wiki/Charleston_International_Airport,Charleston Air Force Base
3451,KCID,medium_airport,The Eastern Iowa Airport,41.884701,-91.7108,869.0,,US,US-IA,Cedar Rapids,yes,KCID,CID,KCID,CID,,https://en.wikipedia.org/wiki/The_Eastern_Iowa_Airport,Cedar Rapids Municipal
3452,KCIU,medium_airport,Chippewa County International Airport,46.242038,-84.462082,800.0,,US,US-MI,Kincheloe,yes,KCIU,CIU,KCIU,CIU,,https://en.wikipedia.org/wiki/Chippewa_County_International_Airport,"Sault Sainte Marie, Sault Ste Marie"
3453,KCKB,medium_airport,North Central West Virginia Airport,39.2966,-80.228104,1217.0,,US,US-WV,Bridgeport,yes,KCKB,CKB,KCKB,CKB,,https://en.wikipedia.org/wiki/Harrison/Marion_Regional_Airport,
3454,KCLE,large_airport,Cleveland Hopkins International Airport,41.411701,-81.8498,791.0,,US,US-OH,Cleveland,yes,KCLE,CLE,KCLE,CLE,http://www.clevelandairport.com/,https://en.wikipedia.org/wiki/Cleveland_Hopkins_International_Airport,
3455,KCLL,medium_airport,Easterwood Field,30.5886,-96.3638,320.0,,US,US-TX,College Station,yes,KCLL,CLL,KCLL,CLL,https://flyeasterwood.com/,https://en.wikipedia.org/wiki/Easterwood_Airport,
3457,KCLT,large_airport,Charlotte Douglas International Airport,35.2140007019043,-80.94309997558594,748.0,,US,US-NC,Charlotte,yes,KCLT,CLT,KCLT,CLT,http://www.charlotteairport.com/,https://en.wikipedia.org/wiki/Charlotte/Douglas_International_Airport,
3458,KCMH,large_airport,John Glenn Columbus International Airport,39.998001,-82.891899,815.0,,US,US-OH,Columbus,yes,KCMH,CMH,KCMH,CMH,https://flycolumbus.com/,https://en.wikipedia.org/wiki/John_Glenn_Columbus_International_Airport,
3459,KCMI,medium_airport,University of Illinois Willard Airport,40.039819,-88.276249,755.0,,US,US-IL,Savoy,yes,KCMI,CMI,KCMI,CMI,,https://en.wikipedia.org/wiki/University_of_Illinois_Willard_Airport,"Champaign, Urbana"
3460,KCMX,medium_airport,Houghton County Memorial Airport,47.168399810791016,-88.48909759521484,1095.0,,US,US-MI,Hancock,yes,KCMX,CMX,KCMX,CMX,,https://en.wikipedia.org/wiki/Houghton_County_Memorial_Airport,
3461,KCNM,medium_airport,Cavern City Air Terminal,32.337501525878906,-104.26300048828124,3295.0,,US,US-NM,Carlsbad,yes,KCNM,CNM,KCNM,CNM,,https://en.wikipedia.org/wiki/Cavern_City_Air_Terminal,
19529,KCNY,medium_airport,Canyonlands Regional Airport,38.755001,-109.754997,4557.0,,US,US-UT,Moab,yes,KCNY,CNY,KCNY,CNY,https://www.grandcountyutah.net/263/Airport,https://en.wikipedia.org/wiki/Canyonlands_Field,
19530,KCOD,medium_airport,Yellowstone Regional Airport,44.520199,-109.024002,5102.0,,US,US-WY,Cody,yes,KCOD,COD,KCOD,COD,http://www.flyyra.com/,https://en.wikipedia.org/wiki/Yellowstone_Regional_Airport,
3463,KCOS,large_airport,City of Colorado Springs Municipal Airport,38.805801,-104.700996,6187.0,,US,US-CO,Colorado Springs,yes,KCOS,COS,KCOS,COS,https://flycos.coloradosprings.gov/,https://en.wikipedia.org/wiki/Colorado_Springs_Airport,"Peterson SFB, Colorado Springs Airport"
3464,KCOU,medium_airport,Columbia Regional Airport,38.8181,-92.219597,889.0,,US,US-MO,Columbia,yes,KCOU,COU,KCOU,COU,,https://en.wikipedia.org/wiki/Columbia_Regional_Airport,
3465,KCPR,medium_airport,Casper-Natrona County International Airport,42.907381,-106.461609,5350.0,,US,US-WY,Casper,yes,KCPR,CPR,KCPR,CPR,,https://en.wikipedia.org/wiki/Natrona_County_International_Airport,
3466,KCRP,medium_airport,Corpus Christi International Airport,27.770399,-97.501198,44.0,,US,US-TX,Corpus Christi,yes,KCRP,CRP,KCRP,CRP,,https://en.wikipedia.org/wiki/Corpus_Christi_International_Airport,
19552,KCRQ,medium_airport,McClellan-Palomar Airport,33.1283,-117.279999,331.0,,US,US-CA,Carlsbad,yes,KCRQ,CLD,KCRQ,CRQ,,https://en.wikipedia.org/wiki/McClellan-Palomar_Airport,
3467,KCRW,medium_airport,Yeager Airport,38.3731,-81.593201,981.0,,US,US-WV,Charleston,yes,KCRW,CRW,KCRW,CRW,,https://en.wikipedia.org/wiki/Yeager_Airport,
3468,KCSG,medium_airport,Columbus Airport,32.516415,-84.939602,397.0,,US,US-GA,Columbus,yes,KCSG,CSG,KCSG,CSG,https://flycolumbusga.com,https://en.wikipedia.org/wiki/Columbus_Metropolitan_Airport,
3471,KCVG,large_airport,Cincinnati Northern Kentucky International Airport,39.048801,-84.667801,896.0,,US,US-KY,Cincinnati / Covington,yes,KCVG,CVG,KCVG,CVG,https://www.cvgairport.com/,https://en.wikipedia.org/wiki/Cincinnati/Northern_Kentucky_International_Airport,
19569,KCVN,medium_airport,Clovis Municipal Airport,34.426594,-103.078794,4216.0,,US,US-NM,Clovis,yes,KCVN,CVN,KCVN,CVN,,https://en.wikipedia.org/wiki/Clovis_Municipal_Airport,
19571,KCWA,medium_airport,Central Wisconsin Airport,44.777448,-89.670238,1277.0,,US,US-WI,Mosinee,yes,KCWA,CWA,KCWA,CWA,,https://en.wikipedia.org/wiki/Central_Wisconsin_Airport,
3476,KCYS,medium_airport,Cheyenne Regional Jerry Olson Field,41.155701,-104.811997,6159.0,,US,US-WY,Cheyenne,yes,KCYS,CYS,KCYS,CYS,,https://en.wikipedia.org/wiki/Cheyenne_Regional_Airport,
3478,KDAB,medium_airport,Daytona Beach International Airport,29.18255,-81.059464,34.0,,US,US-FL,Daytona Beach,yes,KDAB,DAB,KDAB,DAB,,https://en.wikipedia.org/wiki/Daytona_Beach_International_Airport,
3479,KDAL,large_airport,Dallas Love Field,32.844776,-96.847653,487.0,,US,US-TX,Dallas,yes,KDAL,DAL,KDAL,DAL,http://www.dallas-lovefield.com/,https://en.wikipedia.org/wiki/Dallas_Love_Field,QDF
3481,KDAY,medium_airport,James M. Cox Dayton International Airport,39.902401,-84.219398,1009.0,,US,US-OH,Dayton,yes,KDAY,DAY,KDAY,DAY,https://flydayton.com,https://en.wikipedia.org/wiki/Dayton_International_Airport,
3482,KDBQ,medium_airport,Dubuque Regional Airport,42.402,-90.709503,1077.0,,US,US-IA,Dubuque,yes,KDBQ,DBQ,KDBQ,DBQ,,https://en.wikipedia.org/wiki/Dubuque_Regional_Airport,
3483,KDCA,large_airport,Ronald Reagan Washington National Airport,38.8521,-77.037697,15.0,,US,US-DC,Washington,yes,KDCA,DCA,KDCA,DCA,http://www.flyreagan.com/dca/reagan-national-airport,https://en.wikipedia.org/wiki/Ronald_Reagan_Washington_National_Airport,WAS
3484,KDDC,medium_airport,Dodge City Regional Airport,37.76340103149414,-99.9655990600586,2594.0,,US,US-KS,Dodge City,yes,KDDC,DDC,KDDC,DDC,,https://en.wikipedia.org/wiki/Dodge_City_Regional_Airport,
3485,KDEC,medium_airport,Decatur Airport,39.834598541259766,-88.8656997680664,682.0,,US,US-IL,Decatur,yes,KDEC,DEC,KDEC,DEC,,https://en.wikipedia.org/wiki/Decatur_Airport,
3486,KDEN,large_airport,Denver International Airport,39.860027,-104.673792,5431.0,,US,US-CO,Denver,yes,KDEN,DEN,KDEN,DEN,http://www.flydenver.com/,https://en.wikipedia.org/wiki/Denver_International_Airport,"DVX, KVDX"
3488,KDFW,large_airport,Dallas Fort Worth International Airport,32.896801,-97.038002,607.0,,US,US-TX,Dallas-Fort Worth,yes,KDFW,DFW,KDFW,DFW,https://www.dfwairport.com/,https://en.wikipedia.org/wiki/Dallas/Fort_Worth_International_Airport,QDF
3489,KDHN,medium_airport,Dothan Regional Airport,31.321300506591797,-85.44960021972656,401.0,,US,US-AL,Dothan,yes,KDHN,DHN,KDHN,DHN,,https://en.wikipedia.org/wiki/Dothan_Regional_Airport,
19630,KDIK,medium_airport,Dickinson Theodore Roosevelt Regional Airport,46.797533,-102.801905,2592.0,,US,US-ND,Dickinson,yes,KDIK,DIK,KDIK,DIK,http://dickinsonairport.com/,https://en.wikipedia.org/wiki/Dickinson_Theodore_Roosevelt_Regional_Airport,
3491,KDLH,medium_airport,Duluth International Airport,46.841873,-92.198746,1428.0,,US,US-MN,Duluth,yes,KDLH,DLH,KDLH,DLH,http://www.duluthairport.com/,https://en.wikipedia.org/wiki/Duluth_International_Airport,"LKI, Duluth Air National Guard Base, Lakeside AFB"
3494,KDOV,medium_airport,Dover Civil Air Terminal/Dover Air Force Base,39.129501,-75.466003,24.0,,US,US-DE,Dover,yes,KDOV,DOV,KDOV,DOV,http://catatdover.com,https://en.wikipedia.org/wiki/Dover_Air_Force_Base,"Municipal Airport - Dover Airdrome, Dover Army Airbase, Dover Army Airfield"
19654,KDRO,medium_airport,Durango La Plata County Airport,37.151501,-107.753998,6685.0,,US,US-CO,Durango,yes,KDRO,DRO,KDRO,DRO,http://www.durangogov.org/airport/index.cfm,https://en.wikipedia.org/wiki/Durango-La_Plata_County_Airport,
3496,KDSM,large_airport,Des Moines International Airport,41.534027,-93.656719,958.0,,US,US-IA,Des Moines,yes,KDSM,DSM,KDSM,DSM,,https://en.wikipedia.org/wiki/Des_Moines_International_Airport,
19661,KDTS,medium_airport,Destin Executive Airport,30.400101,-86.471497,23.0,,US,US-FL,Destin,yes,KDTS,DSI,KDTS,DTS,http://www.flydts.com/,https://en.wikipedia.org/wiki/Destin-Fort_Walton_Beach_Airport,"81J, Destin-Fort Walton Beach Airport"
3497,KDTW,large_airport,Detroit Metropolitan Wayne County Airport,42.21377,-83.353786,645.0,,US,US-MI,Detroit,yes,KDTW,DTW,KDTW,DTW,http://www.metroairport.com/,https://en.wikipedia.org/wiki/Detroit_Metropolitan_Airport,"DTT, Detroit Metro Airport"
3498,KDUJ,medium_airport,DuBois Regional Airport,41.17829895,-78.8986969,1817.0,,US,US-PA,Dubois,yes,KDUJ,DUJ,KDUJ,DUJ,,https://en.wikipedia.org/wiki/DuBois_Regional_Airport,DuBois Jefferson County
19668,KDVL,medium_airport,Devils Lake Regional Airport,48.115454,-98.908796,1456.0,,US,US-ND,Devils Lake,yes,KDVL,DVL,KDVL,DVL,http://www.devilslakeairport.com/,https://en.wikipedia.org/wiki/Devils_Lake_Regional_Airport,
19716,KEAR,medium_airport,Kearney Regional Airport,40.727001,-99.006798,2131.0,,US,US-NE,Kearney,yes,KEAR,EAR,KEAR,EAR,,https://en.wikipedia.org/wiki/Kearney_Municipal_Airport,
19717,KEAT,medium_airport,Pangborn Memorial Airport,47.398899,-120.207001,1249.0,,US,US-WA,Wenatchee,yes,KEAT,EAT,KEAT,EAT,http://www.pangbornairport.com/,https://en.wikipedia.org/wiki/Pangborn_Memorial_Airport,
3501,KEAU,medium_airport,Chippewa Valley Regional Airport,44.86579895019531,-91.48429870605467,913.0,,US,US-WI,Eau Claire,yes,KEAU,EAU,KEAU,EAU,,https://en.wikipedia.org/wiki/Chippewa_Valley_Regional_Airport,
46530,KECP,medium_airport,Northwest Florida Beaches International Airport,30.357106,-85.795414,69.0,,US,US-FL,Panama City Beach,yes,KECP,ECP,KECP,ECP,http://iflybeaches.com,https://en.wikipedia.org/wiki/Northwest_Florida_Beaches_International_Airport,Northwest Florida Beaches International Airport
45955,KEDC,medium_airport,Austin Executive Airport,30.398049,-97.566909,620.0,,US,US-TX,Pflugerville,yes,KEDC,,KEDC,EDC,,https://en.wikipedia.org/wiki/Austin_Executive_Airport,"6R4, Bird's Nest"
3505,KEGE,medium_airport,Eagle County Regional Airport,39.64260101,-106.9179993,6548.0,,US,US-CO,Eagle,yes,KEGE,EGE,KEGE,EGE,http://www.eaglecounty.us/airport/,https://en.wikipedia.org/wiki/Eagle_County_Regional_Airport,
3508,KEKO,medium_airport,Elko Regional Airport,40.82490158081055,-115.79199981689452,5140.0,,US,US-NV,Elko,yes,KEKO,EKO,KEKO,EKO,,https://en.wikipedia.org/wiki/Elko_Regional_Airport,
3509,KELD,medium_airport,South Arkansas Regional Airport at Goodwin Field,33.221001,-92.813301,277.0,,US,US-AR,El Dorado,yes,KELD,ELD,KELD,ELD,,https://en.wikipedia.org/wiki/South_Arkansas_Regional_Airport_at_Goodwin_Field,
3510,KELM,medium_airport,Elmira Corning Regional Airport,42.1599006652832,-76.8916015625,954.0,,US,US-NY,Elmira/Corning,yes,KELM,ELM,KELM,ELM,,https://en.wikipedia.org/wiki/Elmira-Corning_Regional_Airport,
3512,KELP,large_airport,El Paso International Airport,31.809908,-106.375607,3959.0,,US,US-TX,El Paso,yes,KELP,ELP,KELP,ELP,https://elpasointernationalairport.com/,https://en.wikipedia.org/wiki/El_Paso_International_Airport,
3515,KERI,medium_airport,Erie International Tom Ridge Field,42.083127,-80.173867,732.0,,US,US-PA,Erie,yes,KERI,ERI,KERI,ERI,,https://en.wikipedia.org/wiki/Erie_International_Airport,
19770,KESC,medium_airport,Delta County Airport,45.723199,-87.088623,609.0,,US,US-MI,Escanaba,yes,KESC,ESC,KESC,ESC,,https://en.wikipedia.org/wiki/Delta_County_Airport,
3517,KEUG,medium_airport,Eugene Airport,44.124599,-123.211998,374.0,,US,US-OR,Eugene,yes,KEUG,EUG,KEUG,EUG,https://flyeug.com,https://en.wikipedia.org/wiki/Eugene_Airport,Mahlon Sweet Field
3518,KEVV,medium_airport,Evansville Regional Airport,38.0369987488,-87.5324020386,418.0,,US,US-IN,Evansville,yes,KEVV,EVV,KEVV,EVV,,https://en.wikipedia.org/wiki/Evansville_Regional_Airport,
3519,KEWB,medium_airport,New Bedford Regional Airport,41.67610168457031,-70.95690155029297,80.0,,US,US-MA,New Bedford,yes,KEWB,EWB,KEWB,EWB,,https://en.wikipedia.org/wiki/New_Bedford_Regional_Airport,
3520,KEWN,medium_airport,Coastal Carolina Regional Airport,35.0730018616,-77.04290008539999,18.0,,US,US-NC,New Bern,yes,KEWN,EWN,KEWN,EWN,,https://en.wikipedia.org/wiki/Craven_County_Regional_Airport,
3521,KEWR,large_airport,Newark Liberty International Airport,40.6894,-74.170545,18.0,,US,US-NJ,Newark,yes,KEWR,EWR,KEWR,EWR,https://www.panynj.gov/CommutingTravel/airports/html/newarkliberty.html,https://en.wikipedia.org/wiki/Newark_Liberty_International_Airport,"Manhattan, New York City, NYC"
3522,KEYW,medium_airport,Key West International Airport,24.556119,-81.759579,3.0,,US,US-FL,Key West,yes,KEYW,EYW,KEYW,EYW,,https://en.wikipedia.org/wiki/Key_West_International_Airport,
3523,KFAR,medium_airport,Hector International Airport,46.9207,-96.815804,902.0,,US,US-ND,Fargo,yes,KFAR,FAR,KFAR,FAR,http://www.fargoairport.com/,https://en.wikipedia.org/wiki/Hector_International_Airport,"119th Wing, Happy Hooligans"
3524,KFAT,large_airport,Fresno Yosemite International Airport,36.775767,-119.718018,336.0,,US,US-CA,Fresno,yes,KFAT,FAT,KFAT,FAT,https://flyfresno.com/,https://en.wikipedia.org/wiki/Fresno_Yosemite_International_Airport,
3525,KFAY,medium_airport,Fayetteville Regional Airport - Grannis Field,34.991199,-78.880302,189.0,,US,US-NC,Fayetteville,yes,KFAY,FAY,KFAY,FAY,,https://en.wikipedia.org/wiki/Fayetteville_Regional_Airport,
19868,KFHR,medium_airport,Friday Harbor Airport,48.523654,-123.024645,113.0,,US,US-WA,Friday Harbor,yes,KFHR,FRD,KFHR,FHR,http://www.portfridayharbor.org/?page_id=49,https://en.wikipedia.org/wiki/Friday_Harbor_Airport,
3530,KFLG,medium_airport,Flagstaff Pulliam Airport,35.139757,-111.669826,7014.0,,US,US-AZ,Flagstaff,yes,KFLG,FLG,KFLG,FLG,,https://en.wikipedia.org/wiki/Flagstaff_Pulliam_Airport,
3531,KFLL,large_airport,Fort Lauderdale Hollywood International Airport,26.072599,-80.152702,9.0,,US,US-FL,Fort Lauderdale,yes,KFLL,FLL,KFLL,FLL,http://www.broward.org/airport,https://en.wikipedia.org/wiki/Fort_Lauderdale–Hollywood_International_Airport,"MFW, South Florida"
3532,KFLO,medium_airport,Florence Regional Airport,34.18539810180664,-79.7238998413086,146.0,,US,US-SC,Florence,yes,KFLO,FLO,KFLO,FLO,,https://en.wikipedia.org/wiki/Florence_Regional_Airport,
3535,KFNT,medium_airport,Bishop International Airport,42.969294,-83.743355,782.0,,US,US-MI,Flint,yes,KFNT,FNT,KFNT,FNT,https://bishopairport.org,https://en.wikipedia.org/wiki/Bishop_International_Airport,
3536,KFOD,medium_airport,Fort Dodge Regional Airport,42.552624,-94.191237,1156.0,,US,US-IA,Fort Dodge,yes,KFOD,FOD,KFOD,FOD,,https://en.wikipedia.org/wiki/Fort_Dodge_Regional_Airport,
3541,KFSD,medium_airport,Sioux Falls Regional Airport,43.585463,-96.741152,1429.0,,US,US-SD,Sioux Falls,yes,KFSD,FSD,KFSD,FSD,http://www.sfairport.com/,https://en.wikipedia.org/wiki/Sioux_Falls_Regional_Airport,"Joe Foss Field, Fighting Lobos, Sioux Falls Army Air Base, 114th Fighter Wing, Sioux Falls Regional Airport"
3543,KFSM,medium_airport,Fort Smith Regional Airport,35.336601,-94.367401,469.0,,US,US-AR,Fort Smith,yes,KFSM,FSM,KFSM,FSM,,https://en.wikipedia.org/wiki/Fort_Smith_Regional_Airport,
3545,KFTW,medium_airport,Fort Worth Meacham International Airport,32.819919,-97.360818,710.0,,US,US-TX,Fort Worth,yes,KFTW,FTW,KFTW,FTW,http://meacham.com/,https://en.wikipedia.org/wiki/Fort_Worth_Meacham_International_Airport,
3547,KFWA,medium_airport,Fort Wayne International Airport,40.978896,-85.194465,814.0,,US,US-IN,Fort Wayne,yes,KFWA,FWA,KFWA,FWA,https://fwairport.com/,https://en.wikipedia.org/wiki/Fort_Wayne_International_Airport,Baer Field
19929,KGCC,medium_airport,Northeast Wyoming Regional Airport,44.3489,-105.539001,4365.0,,US,US-WY,Gillette,yes,KGCC,GCC,KGCC,GCC,http://www.iflygillette.com/,https://en.wikipedia.org/wiki/Gillette%E2%80%93Campbell_County_Airport,Gillette Campbell County Airport
3550,KGCK,medium_airport,Garden City Regional Airport,37.9275016785,-100.723999023,2891.0,,US,US-KS,Garden City,yes,KGCK,GCK,KGCK,GCK,,https://en.wikipedia.org/wiki/Garden_City_Regional_Airport,
3551,KGCN,medium_airport,Grand Canyon National Park Airport,35.9524,-112.147003,6609.0,,US,US-AZ,Grand Canyon - Tusayan,yes,KGCN,GCN,KGCN,GCN,http://www.azdot.gov/aviation/airports/airports_list.asp?FAA=GCN,https://en.wikipedia.org/wiki/Grand_Canyon_National_Park_Airport,
19936,KGDV,medium_airport,Dawson Community Airport,47.137658,-104.80691,2458.0,,US,US-MT,Glendive,yes,KGDV,GDV,KGDV,GDV,,https://en.wikipedia.org/wiki/Dawson_Community_Airport,
3552,KGEG,large_airport,Spokane International Airport,47.6199,-117.533997,2376.0,,US,US-WA,Spokane,yes,KGEG,GEG,KGEG,GEG,https://spokaneairports.net/,https://en.wikipedia.org/wiki/Spokane_International_Airport,
3553,KGFK,medium_airport,Grand Forks International Airport,47.949299,-97.176102,845.0,,US,US-ND,Grand Forks,yes,KGFK,GFK,KGFK,GFK,http://www.gfkairport.com/,https://en.wikipedia.org/wiki/Grand_Forks_International_Airport,
3555,KGGG,medium_airport,East Texas Regional Airport,32.38399887084961,-94.71150207519533,365.0,,US,US-TX,Longview,yes,KGGG,GGG,KGGG,GGG,,https://en.wikipedia.org/wiki/East_Texas_Regional_Airport,
3556,KGGW,medium_airport,Glasgow Valley County Airport Wokal Field,48.212502,-106.614998,2296.0,,US,US-MT,Glasgow,yes,KGGW,GGW,KGGW,GGW,http://www.glasgowmtairport.com/,https://en.wikipedia.org/wiki/Glasgow_Airport_(US),"Glascow / Valley County, Glasgow Army Airfield, Wokal Field Glasgow International, Glasgow Satellite Airfield,"
3557,KGJT,medium_airport,Grand Junction Regional Airport,39.126663,-108.529387,4858.0,,US,US-CO,Grand Junction,yes,KGJT,GJT,KGJT,GJT,http://www.gjairport.com/,https://en.wikipedia.org/wiki/Grand_Junction_Regional_Airport,
19958,KGLH,medium_airport,Mid Delta Regional Airport,33.482899,-90.985603,131.0,,US,US-MS,Greenville,yes,KGLH,GLH,KGLH,GLH,,https://en.wikipedia.org/wiki/Greenville_Mid-Delta_Airport,
3559,KGNV,medium_airport,Gainesville Regional Airport,29.6900997162,-82.2717971802,152.0,,US,US-FL,Gainesville,yes,KGNV,GNV,KGNV,GNV,,https://en.wikipedia.org/wiki/Gainesville_Regional_Airport,
3527,KGPI,medium_airport,Glacier Park International Airport,48.310501,-114.255997,2977.0,,US,US-MT,Kalispell,yes,KGPI,FCA,KGPI,GPI,http://www.iflyglacier.com/,https://en.wikipedia.org/wiki/Glacier_Park_International_Airport,Formerly KFCA
3561,KGPT,medium_airport,Gulfport Biloxi International Airport,30.405582,-89.069836,28.0,,US,US-MS,Gulfport,yes,KGPT,GPT,KGPT,GPT,,https://en.wikipedia.org/wiki/Gulfport-Biloxi_International_Airport,
3562,KGRB,medium_airport,Austin Straubel International Airport,44.483459,-88.130805,695.0,,US,US-WI,Green Bay,yes,KGRB,GRB,KGRB,GRB,,https://en.wikipedia.org/wiki/Austin_Straubel_International_Airport,
3564,KGRI,medium_airport,Central Nebraska Regional Airport,40.967498779296875,-98.30960083007812,1847.0,,US,US-NE,Grand Island,yes,KGRI,GRI,KGRI,GRI,,https://en.wikipedia.org/wiki/Central_Nebraska_Regional_Airport,
3565,KGRK,medium_airport,Killeen Regional Airport / Robert Gray Army Airfield,31.0672,-97.828903,1015.0,,US,US-TX,Fort Cavazos,yes,KGRK,GRK,KGRK,GRK,,https://en.wikipedia.org/wiki/Killeen_Regional_Airport,"Gray, Fort Hood, Robert Gray Army Airfield, Killeen/Fort Hood Regional"
3566,KGRR,large_airport,Gerald R. Ford International Airport,42.880798,-85.522797,794.0,,US,US-MI,Grand Rapids,yes,KGRR,GRR,KGRR,GRR,,https://en.wikipedia.org/wiki/Gerald_R._Ford_International_Airport,
3568,KGSO,large_airport,Piedmont Triad International Airport,36.09937,-79.937262,925.0,,US,US-NC,Greensboro,yes,KGSO,GSO,KGSO,GSO,https://flyfrompti.com,https://en.wikipedia.org/wiki/Piedmont_Triad_International_Airport,
3569,KGSP,medium_airport,Greenville-Spartanburg International Airport,34.895699,-82.218903,964.0,,US,US-SC,Greenville/Greer/Spartanburg,yes,KGSP,GSP,KGSP,GSP,https://gspairport.com,https://en.wikipedia.org/wiki/Greenville-Spartanburg_International_Airport,Roger Milliken Field
3571,KGTF,medium_airport,Great Falls International Airport,47.481998,-111.371002,3680.0,,US,US-MT,Great Falls,yes,KGTF,GTF,KGTF,GTF,,https://en.wikipedia.org/wiki/Great_Falls_International_Airport,
19982,KGTR,medium_airport,Golden Triangle Regional Airport,33.450298,-88.5914,264.0,,US,US-MS,Columbus/W Point/Starkville,yes,KGTR,GTR,KGTR,GTR,,https://en.wikipedia.org/wiki/Golden_Triangle_Regional_Airport,
19984,KGUC,medium_airport,Gunnison Crested Butte Regional Airport,38.534672,-106.934566,7680.0,,US,US-CO,Gunnison,yes,KGUC,GUC,KGUC,GUC,,https://en.wikipedia.org/wiki/Gunnison-Crested_Butte_Regional_Airport,
3572,KGUP,medium_airport,Gallup Municipal Airport,35.511653,-108.788166,6472.0,,US,US-NM,Gallup,yes,KGUP,GUP,KGUP,GUP,,https://en.wikipedia.org/wiki/Gallup_Municipal_Airport,
3575,KGYY,medium_airport,Gary/Chicago International Airport,41.617087,-87.413206,591.0,,US,US-IN,Gary,yes,KGYY,GYY,KGYY,GYY,https://www.flygyy.com/,https://en.wikipedia.org/wiki/Gary/Chicago_International_Airport,East Chicago
20038,KHDN,medium_airport,Yampa Valley Airport,40.481201,-107.218002,6606.0,,US,US-CO,Hayden,yes,KHDN,HDN,KHDN,HDN,,https://en.wikipedia.org/wiki/Yampa_Valley_Airport,
3577,KHGR,medium_airport,Hagerstown Regional Richard A Henson Field,39.708771,-77.728014,703.0,,US,US-MD,Hagerstown,yes,KHGR,HGR,KHGR,HGR,,https://en.wikipedia.org/wiki/Hagerstown_Regional_Airport,
3578,KHHR,medium_airport,Jack Northrop Field Hawthorne Municipal Airport,33.922798,-118.334999,66.0,,US,US-CA,Hawthorne,yes,KHHR,HHR,KHHR,HHR,,https://en.wikipedia.org/wiki/Hawthorne_Municipal_Airport_(California),
3579,KHIB,medium_airport,Range Regional Airport,47.384831,-92.836905,1354.0,,US,US-MN,Hibbing,yes,KHIB,HIB,KHIB,HIB,,https://en.wikipedia.org/wiki/Range_Regional_Airport,Chisholm Hibbing Airport
20053,KHII,medium_airport,Lake Havasu City Airport,34.570506,-114.357745,783.0,,US,US-AZ,Lake Havasu City,yes,KHII,HII,KHII,HII,https://www.lhcaz.gov/public-works/airport,https://en.wikipedia.org/wiki/Lake_Havasu_City_Airport,
3582,KHLN,medium_airport,Helena Regional Airport,46.6068,-111.983002,3877.0,,US,US-MT,Helena,yes,KHLN,HLN,KHLN,HLN,,https://en.wikipedia.org/wiki/Helena_Regional_Airport,
20071,KHOB,medium_airport,Lea County Regional Airport,32.6875,-103.217003,3661.0,,US,US-NM,Hobbs,yes,KHOB,HOB,KHOB,HOB,,https://en.wikipedia.org/wiki/Lea_County_Regional_Airport,
3587,KHOT,medium_airport,Memorial Field Airport,34.4788,-93.096262,540.0,,US,US-AR,Hot Springs,yes,KHOT,HOT,KHOT,HOT,,https://en.wikipedia.org/wiki/Hot_Springs_Memorial_Field_Airport,
3588,KHOU,large_airport,William P. Hobby Airport,29.645336,-95.276812,46.0,,US,US-TX,Houston,yes,KHOU,HOU,KHOU,HOU,http://www.fly2houston.com/hobbyHome,https://en.wikipedia.org/wiki/William_P._Hobby_Airport,QHO
3589,KHPN,medium_airport,Westchester County Airport,41.06700134277344,-73.70760345458984,439.0,,US,US-NY,White Plains,yes,KHPN,HPN,KHPN,HPN,,https://en.wikipedia.org/wiki/Westchester_County_Airport,"Manhattan, New York City, NYC"
3591,KHRL,medium_airport,Valley International Airport,26.228500366210938,-97.65440368652344,36.0,,US,US-TX,Harlingen,yes,KHRL,HRL,KHRL,HRL,,https://en.wikipedia.org/wiki/Valley_International_Airport,
3592,KHRO,medium_airport,Boone County Airport,36.26150131225586,-93.15470123291016,1365.0,,US,US-AR,Harrison,yes,KHRO,HRO,KHRO,HRO,,https://en.wikipedia.org/wiki/Boone_County_Airport,
3594,KHSV,medium_airport,Huntsville International Airport,34.636244,-86.774378,629.0,,US,US-AL,Huntsville,yes,KHSV,HSV,KHSV,HSV,http://www.flyhuntsville.com,https://en.wikipedia.org/wiki/Huntsville_International_Airport,Carl T. Jones Field
3595,KHTS,medium_airport,Tri-State Airport / Milton J. Ferguson Field,38.366699,-82.557999,828.0,,US,US-WV,Huntington,yes,KHTS,HTS,KHTS,HTS,,https://en.wikipedia.org/wiki/Tri-State_Airport,
3599,KHVN,medium_airport,Tweed New Haven Airport,41.262869,-72.887694,12.0,,US,US-CT,New Haven,yes,KHVN,HVN,KHVN,HVN,https://flytweed.com,https://en.wikipedia.org/wiki/Tweed_New_Haven_Regional_Airport,
20099,KHVR,medium_airport,Havre City County Airport,48.541387,-109.762859,2591.0,,US,US-MT,Havre,yes,KHVR,HVR,KHVR,HVR,,https://en.wikipedia.org/wiki/Havre_City%E2%80%93County_Airport,
20105,KHXD,medium_airport,Hilton Head Airport,32.2244,-80.697502,19.0,,US,US-SC,Hilton Head Island,yes,KHXD,HHH,KHXD,HXD,https://www.hiltonheadairport.com/,https://en.wikipedia.org/wiki/Hilton_Head_Airport,49J
3600,KHYA,medium_airport,Cape Cod Gateway Airport,41.6693,-70.280403,54.0,,US,US-MA,Hyannis,yes,KHYA,HYA,KHYA,HYA,,https://en.wikipedia.org/wiki/Barnstable_Municipal_Airport,"Barnstable, Boardman Polando"
20109,KHYS,medium_airport,Hays Regional Airport,38.844521,-99.273148,1999.0,,US,US-KS,Hays,yes,KHYS,HYS,KHYS,HYS,,https://en.wikipedia.org/wiki/Hays_Regional_Airport,
3602,KIAD,large_airport,Washington Dulles International Airport,38.9445,-77.455803,312.0,,US,US-VA,Dulles,yes,KIAD,IAD,KIAD,IAD,http://www.mwaa.com/dulles/,https://en.wikipedia.org/wiki/Washington_Dulles_International_Airport,WAS
3603,KIAG,medium_airport,Niagara Falls International Airport,43.1073,-78.946198,589.0,,US,US-NY,Niagara Falls,yes,KIAG,IAG,KIAG,IAG,https://www.niagarafallsairport.com/,https://en.wikipedia.org/wiki/Niagara_Falls_International_Airport,
3604,KIAH,large_airport,George Bush Intercontinental Airport,29.9844,-95.3414,97.0,,US,US-TX,Houston,yes,KIAH,IAH,KIAH,IAH,http://www.fly2houston.com/iah,https://en.wikipedia.org/wiki/George_Bush_Intercontinental_Airport,QHO
3605,KICT,medium_airport,Wichita Dwight D. Eisenhower National Airport,37.650314,-97.428583,1333.0,,US,US-KS,Wichita,yes,KICT,ICT,KICT,ICT,https://flywichita.com,https://en.wikipedia.org/wiki/Wichita_Dwight_D._Eisenhower_National_Airport,Mid-Continent Airport
3606,KIDA,medium_airport,Idaho Falls Regional Airport,43.514599,-112.070999,4744.0,,US,US-ID,Idaho Falls,yes,KIDA,IDA,KIDA,IDA,,https://en.wikipedia.org/wiki/Idaho_Falls_Regional_Airport,Fanning Field
3608,KILG,medium_airport,Wilmington Airport,39.678699,-75.606499,80.0,,US,US-DE,Wilmington,yes,KILG,ILG,KILG,ILG,https://flyilg.com,https://en.wikipedia.org/wiki/New_Castle_Airport,New Castle
3609,KILM,medium_airport,Wilmington International Airport,34.272345,-77.905117,32.0,,US,US-NC,Wilmington,yes,KILM,ILM,KILM,ILM,https://flyilm.com,https://en.wikipedia.org/wiki/Wilmington_International_Airport,
20177,KIMT,medium_airport,Ford Airport,45.81911,-88.114557,1182.0,,US,US-MI,Kingsford,yes,KIMT,IMT,KIMT,IMT,http://www.fordairport.org/,https://en.wikipedia.org/wiki/Ford_Airport_(Iron_Mountain),Iron Mountain
3610,KIND,large_airport,Indianapolis International Airport,39.7173,-86.294403,797.0,,US,US-IN,Indianapolis,yes,KIND,IND,KIND,IND,http://www.indianapolisairport.com/,https://en.wikipedia.org/wiki/Indianapolis_International_Airport,
3612,KINL,medium_airport,Falls International Airport,48.566200256347656,-93.4030990600586,1185.0,,US,US-MN,International Falls,yes,KINL,INL,KINL,INL,,https://en.wikipedia.org/wiki/Falls_International_Airport,
20184,KIPL,medium_airport,Imperial County Airport,32.83539,-115.574026,-54.0,,US,US-CA,Imperial,yes,KIPL,IPL,KIPL,IPL,,https://en.wikipedia.org/wiki/Imperial_County_Airport,
3614,KIPT,medium_airport,Williamsport Regional Airport,41.242126,-76.92245,529.0,,US,US-PA,Williamsport,yes,KIPT,IPT,KIPT,IPT,,https://en.wikipedia.org/wiki/Williamsport_Regional_Airport,
3615,KIRK,medium_airport,Kirksville Regional Airport,40.09349822998047,-92.5448989868164,966.0,,US,US-MO,Kirksville,yes,KIRK,IRK,KIRK,IRK,,https://en.wikipedia.org/wiki/Kirksville_Regional_Airport,
3616,KISP,medium_airport,Long Island MacArthur Airport,40.796324,-73.101703,99.0,,US,US-NY,Islip,yes,KISP,ISP,KISP,ISP,https://flymacarthur.com,https://en.wikipedia.org/wiki/Long_Island_MacArthur_Airport,Islip Airport
20193,KITH,medium_airport,Ithaca Tompkins Regional Airport,42.49100112915039,-76.4583969116211,1099.0,,US,US-NY,Ithaca,yes,KITH,ITH,KITH,ITH,,https://en.wikipedia.org/wiki/Ithaca_Tompkins_Regional_Airport,
3617,KIWA,medium_airport,Mesa Gateway Airport,33.3078,-111.654999,1382.0,,US,US-AZ,Mesa,yes,KIWA,AZA,KIWA,IWA,https://www.gatewayairport.com/,https://en.wikipedia.org/wiki/Phoenix%E2%80%93Mesa_Gateway_Airport,"Higley Field, CHD, Phoenix-Mesa Gateway Airport, Williams Air Force Base, Williams Gateway Airport"
3618,KJAC,medium_airport,Jackson Hole Airport,43.6073,-110.737999,6451.0,,US,US-WY,Jackson,yes,KJAC,JAC,KJAC,JAC,http://jacksonholeairport.com/,https://en.wikipedia.org/wiki/Jackson_Hole_Airport,
3619,KJAN,medium_airport,Jackson-Medgar Wiley Evers International Airport,32.311199,-90.075897,346.0,,US,US-MS,Jackson,yes,KJAN,JAN,KJAN,JAN,,https://en.wikipedia.org/wiki/Jackson-Evers_International_Airport,
3620,KJAX,large_airport,Jacksonville International Airport,30.492469,-81.687813,30.0,,US,US-FL,Jacksonville,yes,KJAX,JAX,KJAX,JAX,https://www.flyjacksonville.com/,https://en.wikipedia.org/wiki/Jacksonville_International_Airport,
3621,KJBR,medium_airport,Jonesboro Municipal Airport,35.83169937133789,-90.64640045166016,262.0,,US,US-AR,Jonesboro,yes,KJBR,JBR,KJBR,JBR,,https://en.wikipedia.org/wiki/Jonesboro_Municipal_Airport,
3622,KJFK,large_airport,John F. Kennedy International Airport,40.639447,-73.779317,13.0,,US,US-NY,New York,yes,KJFK,JFK,KJFK,JFK,https://www.jfkairport.com/,https://en.wikipedia.org/wiki/John_F._Kennedy_International_Airport,"Manhattan, New York City, NYC, Idlewild, IDL, KIDL"
3623,KJLN,medium_airport,Joplin Regional Airport,37.151798,-94.498299,981.0,,US,US-MO,Joplin,yes,KJLN,JLN,KJLN,JLN,,https://en.wikipedia.org/wiki/Joplin_Regional_Airport,
3624,KJMS,medium_airport,Jamestown Regional Airport,46.92969894,-98.67819977,1500.0,,US,US-ND,Jamestown,yes,KJMS,JMS,KJMS,JMS,,https://en.wikipedia.org/wiki/Jamestown_Regional_Airport,
20220,KJQF,medium_airport,Concord-Padgett Regional Airport,35.387798,-80.709099,705.0,,US,US-NC,Concord,yes,KJQF,USA,KJQF,JQF,http://www.concordnc.gov/Departments/Concord-Regional-Airport,https://en.wikipedia.org/wiki/Concord_Regional_Airport,"3N8, ""NASCAR's Airport"""
3625,KJST,medium_airport,John Murtha Johnstown Cambria County Airport,40.31610107421875,-78.83390045166016,2284.0,,US,US-PA,Johnstown,yes,KJST,JST,KJST,JST,,https://en.wikipedia.org/wiki/Johnstown-Cambria_County_Airport,
3627,KLAF,medium_airport,Purdue University Airport,40.412875,-86.939363,606.0,,US,US-IN,West Lafayette,yes,KLAF,LAF,KLAF,LAF,,https://en.wikipedia.org/wiki/Purdue_University_Airport,
3628,KLAL,medium_airport,Lakeland Linder International Airport,27.989267,-82.020715,142.0,,US,US-FL,Lakeland,yes,KLAL,LAL,KLAL,LAL,https://flylakeland.com,https://en.wikipedia.org/wiki/Lakeland_Linder_International_Airport,
3629,KLAN,medium_airport,Capital Region International Airport,42.777582,-84.585721,861.0,,US,US-MI,Lansing,yes,KLAN,LAN,KLAN,LAN,https://flylansing.com,https://en.wikipedia.org/wiki/Lansing_Capital_City_Airport,"Lansing Capital City, Capital City"
3630,KLAR,medium_airport,Laramie Regional Airport,41.31209945678711,-105.6750030517578,7284.0,,US,US-WY,Laramie,yes,KLAR,LAR,KLAR,LAR,,https://en.wikipedia.org/wiki/Laramie_Regional_Airport,
3631,KLAS,large_airport,Harry Reid International Airport,36.083361,-115.151817,2181.0,,US,US-NV,Las Vegas,yes,KLAS,LAS,KLAS,LAS,https://www.harryreidairport.com/,https://en.wikipedia.org/wiki/Harry_Reid_International_Airport,McCarran International Airport
20319,KLAW,medium_airport,Lawton Fort Sill Regional Airport,34.567699,-98.416603,1110.0,,US,US-OK,Lawton,yes,KLAW,LAW,KLAW,LAW,,https://en.wikipedia.org/wiki/Lawton-Fort_Sill_Regional_Airport,
3632,KLAX,large_airport,Los Angeles International Airport,33.942501,-118.407997,125.0,,US,US-CA,Los Angeles,yes,KLAX,LAX,KLAX,LAX,https://www.flylax.com/,https://en.wikipedia.org/wiki/Los_Angeles_International_Airport,Tom Bradley
3633,KLBB,medium_airport,Lubbock Preston Smith International Airport,33.663601,-101.822998,3282.0,,US,US-TX,Lubbock,yes,KLBB,LBB,KLBB,LBB,http://www.flylia.com/,https://en.wikipedia.org/wiki/Lubbock_Preston_Smith_International_Airport,
3634,KLBE,medium_airport,Arnold Palmer Regional Airport,40.275902,-79.4048,1199.0,,US,US-PA,Latrobe,yes,KLBE,LBE,KLBE,LBE,,https://en.wikipedia.org/wiki/Arnold_Palmer_Regional_Airport,
3635,KLBF,medium_airport,North Platte Regional Airport Lee Bird Field,41.12620163,-100.6839981,2777.0,,US,US-NE,North Platte,yes,KLBF,LBF,KLBF,LBF,,https://en.wikipedia.org/wiki/North_Platte_Regional_Airport,
3636,KLBL,medium_airport,Liberal Mid-America Regional Airport,37.0442009,-100.9599991,2885.0,,US,US-KS,Liberal,yes,KLBL,LBL,KLBL,LBL,,https://en.wikipedia.org/wiki/Liberal_Municipal_Airport,
3637,KLCH,medium_airport,Lake Charles Regional Airport,30.126100540161133,-93.22329711914062,15.0,,US,US-LA,Lake Charles,yes,KLCH,LCH,KLCH,LCH,,https://en.wikipedia.org/wiki/Lake_Charles_Regional_Airport,
3638,KLCK,medium_airport,Rickenbacker International Airport,39.813801,-82.927803,744.0,,US,US-OH,Columbus,yes,KLCK,LCK,KLCK,LCK,https://flycolumbus.com/general-aviation/lck/,https://en.wikipedia.org/wiki/Rickenbacker_International_Airport,Lockbourne Army Air Field
3639,KLEB,medium_airport,Lebanon Municipal Airport,43.626098632799994,-72.30419921880001,603.0,,US,US-NH,Lebanon,yes,KLEB,LEB,KLEB,LEB,http://flyleb.com/,https://en.wikipedia.org/wiki/Lebanon_Municipal_Airport_(New_Hampshire),
3640,KLEX,medium_airport,Blue Grass Airport,38.035066,-84.606738,979.0,,US,US-KY,Lexington,yes,KLEX,LEX,KLEX,LEX,http://www.bluegrassairport.com/,https://en.wikipedia.org/wiki/Blue_Grass_Airport,
3642,KLFT,medium_airport,Lafayette Regional Airport,30.205299,-91.987602,42.0,,US,US-LA,Lafayette,yes,KLFT,LFT,KLFT,LFT,http://www.lftairport.com/Home,https://en.wikipedia.org/wiki/Lafayette_Regional_Airport,
3643,KLGA,large_airport,LaGuardia Airport,40.777199,-73.872597,21.0,,US,US-NY,New York,yes,KLGA,LGA,KLGA,LGA,https://www.laguardiaairport.com/,https://en.wikipedia.org/wiki/LaGuardia_Airport,"Manhattan, New York City, NYC, Glenn H. Curtiss Airport, North Beach Airport, La Guardia"
3644,KLGB,large_airport,Long Beach International Airport,33.816523,-118.149891,60.0,,US,US-CA,Long Beach,yes,KLGB,LGB,KLGB,LGB,http://www.lgb.org/,https://en.wikipedia.org/wiki/Long_Beach_Airport,Daugherty Field
3645,KLIT,medium_airport,Bill & Hillary Clinton National Airport/Adams Field,34.729222,-92.223591,262.0,,US,US-AR,Little Rock,yes,KLIT,LIT,KLIT,LIT,https://clintonairport.com,https://en.wikipedia.org/wiki/Little_Rock_National_Airport,
3647,KLNK,medium_airport,Lincoln Airport,40.844882,-96.76178,1219.0,,US,US-NE,Lincoln,yes,KLNK,LNK,KLNK,LNK,http://www.lincolnairport.com/,https://en.wikipedia.org/wiki/Lincoln_Airport_%28Nebraska%29,"Lincoln Army Air Field, Lincoln Air Force Base, 155th Air Refueling Wing, Lincoln Municpal"
3648,KLNS,medium_airport,Lancaster Airport,40.121700286865234,-76.29609680175781,403.0,,US,US-PA,Lancaster,yes,KLNS,LNS,KLNS,LNS,,https://en.wikipedia.org/wiki/Lancaster_Airport_(Pennsylvania),
3651,KLRD,medium_airport,Laredo International Airport,27.5438,-99.461601,508.0,,US,US-TX,Laredo,yes,KLRD,LRD,KLRD,LRD,,https://en.wikipedia.org/wiki/Laredo_International_Airport,
3653,KLRU,medium_airport,Las Cruces International Airport,32.289398,-106.921997,4456.0,,US,US-NM,Las Cruces,yes,KLRU,LRU,KLRU,LRU,,https://en.wikipedia.org/wiki/Las_Cruces_International_Airport,
3654,KLSE,medium_airport,La Crosse Regional Airport,43.879002,-91.256699,655.0,,US,US-WI,La Crosse,yes,KLSE,LSE,KLSE,LSE,http://www.lseairport.com/,https://en.wikipedia.org/wiki/La_Crosse_Municipal_Airport,"airport, regional"
3659,KLUK,medium_airport,Cincinnati Municipal Airport Lunken Field,39.102357,-84.418945,483.0,,US,US-OH,Cincinnati,yes,KLUK,LUK,KLUK,LUK,,https://en.wikipedia.org/wiki/Cincinnati_Municipal_Airport,
20390,KLWB,medium_airport,Greenbrier Valley Airport,37.857914,-80.400438,2302.0,,US,US-WV,Lewisburg,yes,KLWB,LWB,KLWB,LWB,,https://en.wikipedia.org/wiki/Greenbrier_Valley_Airport,
20393,KLWS,medium_airport,Lewiston Nez Perce County Airport,46.3745002746582,-117.01499938964844,1442.0,,US,US-ID,Lewiston,yes,KLWS,LWS,KLWS,LWS,,https://en.wikipedia.org/wiki/Lewiston-Nez_Perce_County_Airport,
3662,KLYH,medium_airport,Lynchburg Regional Airport - Preston Glenn Field,37.326698,-79.200401,938.0,,US,US-VA,Lynchburg,yes,KLYH,LYH,KLYH,LYH,,https://en.wikipedia.org/wiki/Lynchburg_Regional_Airport,
3663,KMAF,medium_airport,Midland International Air and Space Port,31.942499,-102.202003,2871.0,,US,US-TX,Midland,yes,KMAF,MAF,KMAF,MAF,https://flymaf.com,https://en.wikipedia.org/wiki/Midland_International_Airport,Midland International Airport
3664,KMBS,medium_airport,MBS International Airport,43.533181,-84.083104,668.0,,US,US-MI,Freeland,yes,KMBS,MBS,KMBS,MBS,http://www.mbsairport.org/,https://en.wikipedia.org/wiki/MBS_International_Airport,"Tri City Airport, Midland, Bay City, Saginaw"
20480,KMCE,medium_airport,Merced Regional Macready Field,37.284698,-120.514,155.0,,US,US-CA,Merced,yes,KMCE,MCE,KMCE,MCE,,https://en.wikipedia.org/wiki/Merced_Regional_Airport,
3668,KMCI,large_airport,Kansas City International Airport,39.301699,-94.713893,1026.0,,US,US-MO,Kansas City,yes,KMCI,MCI,KMCI,MCI,http://www.flykci.com/,https://en.wikipedia.org/wiki/Kansas_City_International_Airport,
20481,KMCK,medium_airport,McCook Ben Nelson Regional Airport,40.207787,-100.592794,2583.0,,US,US-NE,McCook,yes,KMCK,MCK,KMCK,MCK,,https://en.wikipedia.org/wiki/McCook_Regional_Airport,
3669,KMCN,medium_airport,Middle Georgia Regional Airport,32.69279861450195,-83.64920043945312,354.0,,US,US-GA,Macon,yes,KMCN,MCN,KMCN,MCN,,https://en.wikipedia.org/wiki/Middle_Georgia_Regional_Airport,
3670,KMCO,large_airport,Orlando International Airport,28.429399490356445,-81.30899810791016,96.0,,US,US-FL,Orlando,yes,KMCO,MCO,KMCO,MCO,http://www.orlandoairports.net/,https://en.wikipedia.org/wiki/Orlando_International_Airport,"Disney World,Epcot Center"
20482,KMCW,medium_airport,Mason City Municipal Airport,43.159801,-93.329716,1213.0,,US,US-IA,Mason City,yes,KMCW,MCW,KMCW,MCW,http://flymcw.com/,https://en.wikipedia.org/wiki/Mason_City_Municipal_Airport,
3672,KMDT,medium_airport,Harrisburg International Airport,40.192838,-76.762333,310.0,,US,US-PA,Harrisburg,yes,KMDT,MDT,KMDT,MDT,http://www.flyhia.com/,https://en.wikipedia.org/wiki/Harrisburg_International_Airport,"Harrisburg, Lancaster, York, HIA, Middletown"
3673,KMDW,large_airport,Chicago Midway International Airport,41.785999,-87.752403,620.0,,US,US-IL,Chicago,yes,KMDW,MDW,KMDW,MDW,https://www.flychicago.com/midway/home/pages/default.aspx,https://en.wikipedia.org/wiki/Midway_International_Airport,CHI
3674,KMEI,medium_airport,Key Field / Meridian Regional Airport,32.3326,-88.7519,297.0,,US,US-MS,Meridian,yes,KMEI,MEI,KMEI,MEI,,https://en.wikipedia.org/wiki/Meridian_Regional_Airport,
3675,KMEM,large_airport,Frederick W. Smith International Airport,35.043845,-89.97634,341.0,,US,US-TN,Memphis,yes,KMEM,MEM,KMEM,MEM,https://flymemphis.com/,https://en.wikipedia.org/wiki/Memphis_International_Airport,
3678,KMFE,medium_airport,McAllen Miller International Airport,26.176141,-98.237965,107.0,,US,US-TX,McAllen,yes,KMFE,MFE,KMFE,MFE,,https://en.wikipedia.org/wiki/McAllen-Miller_International_Airport,
3679,KMFR,medium_airport,Rogue Valley International-Medford Airport,42.374199,-122.873001,1335.0,,US,US-OR,Medford,yes,KMFR,MFR,KMFR,MFR,https://flymfr.com,https://en.wikipedia.org/wiki/Rogue_Valley_International-Medford_Airport,
20498,KMGC,medium_airport,Michigan City Municipal Airport,41.7033,-86.821198,655.0,,US,US-IN,Michigan City,yes,KMGC,MGC,KMGC,MGC,http://www.emichigancity.com/cityhall/departments/airport/index.htm,https://en.wikipedia.org/wiki/Michigan_City_Municipal_Airport,Phillips Field
3681,KMGM,medium_airport,Montgomery Regional (Dannelly Field) Airport,32.300598,-86.393997,221.0,,US,US-AL,Montgomery,yes,KMGM,MGM,KMGM,MGM,http://www.flymgm.com/,https://en.wikipedia.org/wiki/Montgomery_Regional_Airport,
3682,KMGW,medium_airport,Morgantown Municipal Airport Walter L. (Bill) Hart Field,39.643305,-79.917598,1248.0,,US,US-WV,Morgantown,yes,KMGW,MGW,KMGW,MGW,,https://en.wikipedia.org/wiki/Morgantown_Municipal_Airport,
3683,KMHK,medium_airport,Manhattan Regional Airport,39.14099884033203,-96.6707992553711,1057.0,,US,US-KS,Manhattan,yes,KMHK,MHK,KMHK,MHK,,https://en.wikipedia.org/wiki/Manhattan_Regional_Airport,
3684,KMHT,medium_airport,Manchester-Boston Regional Airport,42.932598,-71.435699,266.0,,US,US-NH,Manchester,yes,KMHT,MHT,KMHT,MHT,https://flymanchester.com,https://en.wikipedia.org/wiki/Manchester-Boston_Regional_Airport,Manchester Airport
3685,KMIA,large_airport,Miami International Airport,25.796011,-80.289751,8.0,,US,US-FL,Miami,yes,KMIA,MIA,KMIA,MIA,https://www.miami-airport.com/,https://en.wikipedia.org/wiki/Miami_International_Airport,"MFW, South Florida, Wilcox Field, Pan American Field"
3690,KMKE,large_airport,General Mitchell International Airport,42.947201,-87.896599,723.0,,US,US-WI,Milwaukee,yes,KMKE,MKE,KMKE,MKE,https://www.mitchellairport.com/,https://en.wikipedia.org/wiki/General_Mitchell_International_Airport,
3691,KMKG,medium_airport,Muskegon County Airport,43.169498,-86.238197,629.0,,US,US-MI,Muskegon,yes,KMKG,MKG,KMKG,MKG,,https://en.wikipedia.org/wiki/Muskegon_County_Airport,
3692,KMKL,medium_airport,McKellar-Sipes Regional Airport,35.599899,-88.915604,434.0,,US,US-TN,Jackson,yes,KMKL,MKL,KMKL,MKL,http://mckellarsipes.com/,https://en.wikipedia.org/wiki/McKellar-Sipes_Regional_Airport,
3693,KMLB,medium_airport,Melbourne Orlando International Airport,28.102009,-80.641088,33.0,,US,US-FL,Melbourne,yes,KMLB,MLB,KMLB,MLB,https://www.mlbair.com/,https://en.wikipedia.org/wiki/Melbourne_International_Airport,
3695,KMLI,medium_airport,Quad City International Airport,41.448502,-90.5075,590.0,,US,US-IL,Moline,yes,KMLI,MLI,KMLI,MLI,,https://en.wikipedia.org/wiki/Quad_City_International_Airport,
3697,KMLU,medium_airport,Monroe Regional Airport,32.510899,-92.037697,79.0,,US,US-LA,Monroe,yes,KMLU,MLU,KMLU,MLU,,https://en.wikipedia.org/wiki/Monroe_Regional_Airport,
20527,KMMH,medium_airport,Mammoth Yosemite Airport,37.625381,-118.84306,7135.0,,US,US-CA,Mammoth Lakes,yes,KMMH,MMH,KMMH,MMH,,https://en.wikipedia.org/wiki/Mammoth_Yosemite_Airport,
3700,KMOB,medium_airport,Mobile Regional Airport,30.6912,-88.242798,219.0,,US,US-AL,Mobile,yes,KMOB,MOB,KMOB,MOB,http://www.mobairport.com/,https://en.wikipedia.org/wiki/Mobile_Regional_Airport,
3702,KMOT,medium_airport,Minot International Airport,48.25801,-101.279123,1716.0,,US,US-ND,Minot,yes,KMOT,MOT,KMOT,MOT,,https://en.wikipedia.org/wiki/Minot_International_Airport,
3705,KMRY,medium_airport,Monterey Regional Airport,36.586777,-121.844183,257.0,,US,US-CA,Monterey,yes,KMRY,MRY,KMRY,MRY,https://montereyairport.com,https://en.wikipedia.org/wiki/Monterey_Peninsula_Airport,Monterey Peninsula Airport
3706,KMSL,medium_airport,Northwest Alabama Regional Airport,34.745123,-87.612981,551.0,,US,US-AL,Muscle Shoals,yes,KMSL,MSL,KMSL,MSL,,https://en.wikipedia.org/wiki/Northwest_Alabama_Regional_Airport,
3707,KMSN,medium_airport,Dane County Regional Truax Field,43.1399,-89.337502,887.0,,US,US-WI,Madison,yes,KMSN,MSN,KMSN,MSN,,https://en.wikipedia.org/wiki/Dane_County_Regional_Airport,
3708,KMSO,medium_airport,Missoula Montana Airport,46.915816,-114.091107,3206.0,,US,US-MT,Missoula,yes,KMSO,MSO,KMSO,MSO,https://flymissoula.com,https://en.wikipedia.org/wiki/Missoula_International_Airport,
3709,KMSP,large_airport,Minneapolis–Saint Paul International Airport / Wold–Chamberlain Field,44.880081,-93.221741,841.0,,US,US-MN,Minneapolis,yes,KMSP,MSP,KMSP,MSP,https://www.mspairport.com/,https://en.wikipedia.org/wiki/Minneapolis–Saint_Paul_International_Airport,
3710,KMSS,medium_airport,Massena International Airport Richards Field,44.936157,-74.844304,215.0,,US,US-NY,Massena,yes,KMSS,MSS,KMSS,MSS,http://www.massenaworks.com/town/airport.asp,https://en.wikipedia.org/wiki/Massena_International_Airport,
3711,KMSY,large_airport,Louis Armstrong New Orleans International Airport,29.993401,-90.264673,4.0,,US,US-LA,New Orleans,yes,KMSY,MSY,KMSY,MSY,https://flymsy.com/,https://en.wikipedia.org/wiki/Louis_Armstrong_New_Orleans_International_Airport,
20565,KMTJ,medium_airport,Montrose Regional Airport,38.5098,-107.893997,5759.0,,US,US-CO,Montrose,yes,KMTJ,MTJ,KMTJ,MTJ,https://montroseairport.com/,https://en.wikipedia.org/wiki/Montrose_Regional_Airport,
20579,KMWA,medium_airport,Veterans Airport of Southern Illinois,37.751208,-89.016568,472.0,,US,US-IL,Marion,yes,KMWA,MWA,KMWA,MWA,,https://en.wikipedia.org/wiki/Veterans_Airport_of_Southern_Illinois,Williamson County Regional Airport
20583,KMWL,medium_airport,Mineral Wells Regional Airport,32.781601,-98.060204,974.0,,US,US-TX,Mineral Wells,yes,KMWL,MWL,KMWL,MWL,http://www.mineralwellsairport.com/,https://en.wikipedia.org/wiki/Mineral_Wells_Airport,"CWO, Fort Wolters AAF."
20591,KMYL,medium_airport,McCall Municipal Airport,44.888837,-116.101112,5024.0,,US,US-ID,McCall,yes,KMYL,MYL,KMYL,MYL,http://www.mccall.id.us/services/airport.html,https://en.wikipedia.org/wiki/McCall_Municipal_Airport,
3717,KMYR,large_airport,Myrtle Beach International Airport,33.679699,-78.928299,25.0,,US,US-SC,Myrtle Beach,yes,KMYR,MYR,KMYR,MYR,https://www.flymyrtlebeach.com,https://en.wikipedia.org/wiki/Myrtle_Beach_International_Airport,
3961,KNYL,medium_airport,Yuma International Airport / Marine Corps Air Station Yuma,32.650938,-114.609375,213.0,,US,US-AZ,Yuma,yes,KNYL,YUM,KNYL,NYL,,https://en.wikipedia.org/wiki/Yuma_International_Airport,"Yuma MCAS, Yuma Marine Corps Air Station, Formerly KYUM"
20709,KOAJ,medium_airport,Albert J Ellis Airport,34.829201,-77.612099,94.0,,US,US-NC,Richlands,yes,KOAJ,OAJ,KOAJ,OAJ,https://flyoaj.com/,https://en.wikipedia.org/wiki/Albert_J._Ellis_Airport,
3744,KOAK,large_airport,Oakland San Francisco Bay Airport,37.720085,-122.221184,9.0,,US,US-CA,Oakland,yes,KOAK,OAK,KOAK,OAK,https://www.iflyoak.com/,https://en.wikipedia.org/wiki/Oakland_International_Airport,Metro Oakland International
3746,KOGD,medium_airport,Ogden Hinckley Airport,41.195899963379,-112.0120010376,4473.0,,US,US-UT,Ogden,yes,KOGD,OGD,KOGD,OGD,http://flyogden.com/,https://en.wikipedia.org/wiki/Ogden-Hinckley_Airport,
20727,KOGS,medium_airport,Ogdensburg International Airport,44.6819,-75.4655,297.0,,US,US-NY,Ogdensburg,yes,KOGS,OGS,KOGS,OGS,https://ogsair.com/,https://en.wikipedia.org/wiki/Ogdensburg_International_Airport,
3747,KOKC,large_airport,OKC Will Rogers World Airport,35.393388,-97.598248,1295.0,,US,US-OK,Oklahoma City,yes,KOKC,OKC,KOKC,OKC,https://flyokc.com/,https://en.wikipedia.org/wiki/Will_Rogers_World_Airport,
20739,KOLF,medium_airport,L M Clayton Airport,48.094501,-105.574997,1986.0,,US,US-MT,Wolf Point,yes,KOLF,OLF,KOLF,OLF,,https://en.wikipedia.org/wiki/L._M._Clayton_Airport,
3749,KOLM,medium_airport,Olympia Regional Airport,46.969399,-122.903,209.0,,US,US-WA,Olympia,yes,KOLM,OLM,KOLM,OLM,,https://en.wikipedia.org/wiki/Olympia_Airport,
3751,KOMA,large_airport,Eppley Airfield,41.3032,-95.894096,984.0,,US,US-NE,Omaha,yes,KOMA,OMA,KOMA,OMA,https://www.flyoma.com,https://en.wikipedia.org/wiki/Eppley_Airfield,
3752,KONT,large_airport,Ontario International Airport,34.056,-117.600998,944.0,,US,US-CA,Ontario,yes,KONT,ONT,KONT,ONT,https://www.flyontario.com/,https://en.wikipedia.org/wiki/LA/Ontario_International_Airport,
20757,KOPF,medium_airport,Miami-Opa Locka Executive Airport,25.907,-80.278397,8.0,,US,US-FL,Miami,yes,KOPF,OPF,KOPF,OPF,http://www.miami-airport.com/html/opalocka.html,https://en.wikipedia.org/wiki/Miami-Opa_Locka_Executive_Airport,
3754,KORD,large_airport,Chicago O'Hare International Airport,41.9786,-87.9048,680.0,,US,US-IL,Chicago,yes,KORD,ORD,KORD,ORD,https://www.flychicago.com/ohare/home/pages/default.aspx,https://en.wikipedia.org/wiki/O'Hare_International_Airport,"CHI, Orchard Place"
3755,KORF,large_airport,Norfolk International Airport,36.895341,-76.201,26.0,,US,US-VA,Norfolk,yes,KORF,ORF,KORF,ORF,https://www.norfolkairport.com/,https://en.wikipedia.org/wiki/Norfolk_International_Airport,
3756,KORH,medium_airport,Worcester Regional Airport,42.2673,-71.875702,1009.0,,US,US-MA,Worcester,yes,KORH,ORH,KORH,ORH,,https://en.wikipedia.org/wiki/Worcester-Metrowest-Boston_Airport,
23952,KORS,medium_airport,Orcas Island Airport,48.708199,-122.910004,31.0,,US,US-WA,Eastsound,yes,KORS,ESD,KORS,ORS,http://www.portoforcas.com/,https://en.wikipedia.org/wiki/Orcas_Island_Airport,
3759,KOTH,medium_airport,Southwest Oregon Regional Airport,43.41709899902344,-124.24600219726562,17.0,,US,US-OR,North Bend,yes,KOTH,OTH,KOTH,OTH,,https://en.wikipedia.org/wiki/Southwest_Oregon_Regional_Airport,
3761,KOWB,medium_airport,Owensboro Daviess County Airport,37.74010086,-87.16680145,407.0,,US,US-KY,Owensboro,yes,KOWB,OWB,KOWB,OWB,,https://en.wikipedia.org/wiki/Owensboro-Daviess_County_Regional_Airport,
20781,KOXB,medium_airport,Ocean City Municipal Airport,38.310398,-75.124001,11.0,,US,US-MD,Ocean City,yes,KOXB,OCE,KOXB,OXB,http://oceancitymd.gov/oc/departments/public-works/airport/,https://en.wikipedia.org/wiki/Ocean_City_Municipal_Airport_(Maryland),
3763,KPAE,medium_airport,Seattle Paine Field International Airport,47.9063,-122.281998,606.0,,US,US-WA,Everett,yes,KPAE,PAE,KPAE,PAE,https://painefield.com,https://en.wikipedia.org/wiki/Paine_Field,"Snohomish County, Snohomish County Airport, Paine Field"
3764,KPAH,medium_airport,Barkley Regional Airport,37.06079864501953,-88.7738037109375,410.0,,US,US-KY,Paducah,yes,KPAH,PAH,KPAH,PAH,,https://en.wikipedia.org/wiki/Barkley_Regional_Airport,
20808,KPBG,medium_airport,Plattsburgh International Airport,44.650902,-73.468102,234.0,,US,US-NY,Plattsburgh,yes,KPBG,PBG,KPBG,PBG,http://www.plattsburghinternationalairport.com/,https://en.wikipedia.org/wiki/Plattsburgh_International_Airport,Plattsburgh Air Force Base
3766,KPBI,large_airport,President Donald J. Trump International Airport,26.683201,-80.095596,19.0,,US,US-FL,West Palm Beach,yes,KDJT,DJT,KDJT,DJT,https://flydjt.org/,https://en.wikipedia.org/wiki/Palm_Beach_International_Airport,"PBI, KPBI, MFW, South Florida"
20812,KPCW,medium_airport,Erie-Ottawa International Airport,41.515647,-82.868328,590.0,,US,US-OH,Port Clinton,yes,KPCW,,KPCW,PCW,https://www.portclintonairport.com/,https://en.wikipedia.org/wiki/Erie%E2%80%93Ottawa_International_Airport,Carl R Keller Field
3767,KPDK,medium_airport,DeKalb Peachtree Airport,33.87633,-84.30213,1003.0,,US,US-GA,Atlanta,yes,KPDK,PDK,KPDK,PDK,https://dekalbcountyga.gov/departments/airport,https://en.wikipedia.org/wiki/DeKalb-Peachtree_Airport,
20815,KPDT,medium_airport,Eastern Oregon Regional Airport at Pendleton,45.695099,-118.841003,1497.0,,US,US-OR,Pendleton,yes,KPDT,PDT,KPDT,PDT,,https://en.wikipedia.org/wiki/Eastern_Oregon_Regional_Airport,
3768,KPDX,large_airport,Portland International Airport,45.588699,-122.598,31.0,,US,US-OR,Portland,yes,KPDX,PDX,KPDX,PDX,https://www.flypdx.com/,https://en.wikipedia.org/wiki/Portland_International_Airport,
20821,KPGA,medium_airport,Page Municipal Airport,36.924234,-111.447716,4316.0,,US,US-AZ,Page,yes,KPGA,PGA,KPGA,PGA,,https://en.wikipedia.org/wiki/Page_Municipal_Airport,
20822,KPGD,medium_airport,Punta Gorda Airport,26.9202,-81.990501,26.0,,US,US-FL,Punta Gorda,yes,KPGD,PGD,KPGD,PGD,http://www.flypgd.com/,https://en.wikipedia.org/wiki/Punta_Gorda_Airport_(Florida),"Charlotte County, Punta Gorda AAF"
20824,KPGV,medium_airport,Pitt-Greenville Airport,35.635535,-77.384262,26.0,,US,US-NC,Greenville,yes,KPGV,PGV,KPGV,PGV,,https://en.wikipedia.org/wiki/Pitt-Greenville_Airport,
3770,KPHF,medium_airport,Newport News Williamsburg International Airport,37.131901,-76.492996,42.0,,US,US-VA,Newport News,yes,KPHF,PHF,KPHF,PHF,,https://en.wikipedia.org/wiki/Newport_News/Williamsburg_International_Airport,
3771,KPHL,large_airport,Philadelphia International Airport,39.871899,-75.241096,36.0,,US,US-PA,Philadelphia,yes,KPHL,PHL,KPHL,PHL,http://www.phl.org/,https://en.wikipedia.org/wiki/Philadelphia_International_Airport,
3772,KPHX,large_airport,Phoenix Sky Harbor International Airport,33.435302,-112.005905,1135.0,,US,US-AZ,Phoenix,yes,KPHX,PHX,KPHX,PHX,http://phoenix.gov/skyharborairport/,https://en.wikipedia.org/wiki/Phoenix_Sky_Harbor_International_Airport,
3773,KPIA,medium_airport,General Wayne A. Downing Peoria International Airport,40.663841,-89.692631,660.0,,US,US-IL,Peoria,yes,KPIA,PIA,KPIA,PIA,,https://en.wikipedia.org/wiki/General_Wayne_A._Downing_Peoria_International_Airport,Peoria International Airport
3774,KPIB,medium_airport,Hattiesburg Laurel Regional Airport,31.4671,-89.337097,298.0,,US,US-MS,Moselle,yes,KPIB,PIB,KPIB,PIB,,https://en.wikipedia.org/wiki/Hattiesburg-Laurel_Regional_Airport,
3775,KPIE,large_airport,St. Petersburg Clearwater International Airport,27.9102,-82.687401,11.0,,US,US-FL,Pinellas Park,yes,KPIE,PIE,KPIE,PIE,,https://en.wikipedia.org/wiki/St._Petersburg-Clearwater_International_Airport,
3776,KPIH,medium_airport,Pocatello Regional Airport,42.9098014831543,-112.59600067138672,4452.0,,US,US-ID,Pocatello,yes,KPIH,PIH,KPIH,PIH,,https://en.wikipedia.org/wiki/Pocatello_Regional_Airport,
3777,KPIR,medium_airport,Pierre Regional Airport,44.38270187,-100.2860031,1744.0,,US,US-SD,Pierre,yes,KPIR,PIR,KPIR,PIR,,https://en.wikipedia.org/wiki/Pierre_Regional_Airport,
3778,KPIT,large_airport,Pittsburgh International Airport,40.491501,-80.232903,1203.0,,US,US-PA,Pittsburgh,yes,KPIT,PIT,KPIT,PIT,https://flypittsburgh.com/,https://en.wikipedia.org/wiki/Pittsburgh_International_Airport,
3779,KPKB,medium_airport,Mid Ohio Valley Regional Airport,39.3451,-81.439201,858.0,,US,US-WV,Parkersburg (Williamstown),yes,KPKB,PKB,KPKB,PKB,,https://en.wikipedia.org/wiki/Mid-Ohio_Valley_Regional_Airport,
3781,KPLN,medium_airport,Pellston Regional Airport of Emmet County Airport,45.57089996,-84.79669952,721.0,,US,US-MI,Pellston,yes,KPLN,PLN,KPLN,PLN,,https://en.wikipedia.org/wiki/Pellston_Regional_Airport,
3783,KPNS,large_airport,Pensacola International Airport,30.472718,-87.186639,121.0,,US,US-FL,Pensacola,yes,KPNS,PNS,KPNS,PNS,http://www.flypensacola.com/,https://en.wikipedia.org/wiki/Pensacola_Regional_Airport,
3787,KPQI,medium_airport,Presque Isle International Airport,46.688999,-68.0448,534.0,,US,US-ME,Presque Isle,yes,KPQI,PQI,KPQI,PQI,https://flypresqueisle.com,https://en.wikipedia.org/wiki/Presque_Isle_International_Airport,Northern Maine Regional
3789,KPRC,medium_airport,Prescott Regional Airport - Ernest A. Love Field,34.653502,-112.419883,5045.0,,US,US-AZ,Prescott,yes,KPRC,PRC,KPRC,PRC,,https://en.wikipedia.org/wiki/Ernest_A._Love_Field,
20870,KPSC,medium_airport,Tri Cities Airport,46.264702,-119.119003,410.0,,US,US-WA,Pasco,yes,KPSC,PSC,KPSC,PSC,,https://en.wikipedia.org/wiki/Tri-Cities_Airport_(Washington),
3791,KPSM,medium_airport,Portsmouth International Airport at Pease,43.0779,-70.823303,100.0,,US,US-NH,Portsmouth,yes,KPSM,PSM,KPSM,PSM,https://flypsmairport.com,https://en.wikipedia.org/wiki/Pease_International_Airport,
3792,KPSP,large_airport,Palm Springs International Airport,33.8297,-116.507004,477.0,,US,US-CA,Palm Springs,yes,KPSP,PSP,KPSP,PSP,http://www.palmspringsca.gov/index.aspx?page=270,https://en.wikipedia.org/wiki/Palm_Springs_International_Airport,Palm Springs Air Base
3794,KPUB,medium_airport,Pueblo Memorial Airport,38.289101,-104.497002,4726.0,,US,US-CO,Pueblo,yes,KPUB,PUB,KPUB,PUB,,https://en.wikipedia.org/wiki/Pueblo_Memorial_Airport,
20883,KPUW,medium_airport,Pullman-Moscow Regional Airport,46.741601,-117.11163,2556.0,,US,US-WA,Pullman,yes,KPUW,PUW,KPUW,PUW,http://www.pullman-wa.gov/airport/,https://en.wikipedia.org/wiki/Pullman-Moscow_Regional_Airport,
3795,KPVD,large_airport,Rhode Island T. F. Green International Airport,41.725038,-71.425668,55.0,,US,US-RI,Providence/Warwick,yes,KPVD,PVD,KPVD,PVD,https://flyri.com/,https://en.wikipedia.org/wiki/T._F._Green_Airport,
20890,KPVU,medium_airport,Provo Municipal Airport,40.218894,-111.722445,4497.0,,US,US-UT,Provo,yes,KPVU,PVU,KPVU,PVU,https://airport.provo.gov/,https://en.wikipedia.org/wiki/Provo_Municipal_Airport,
3796,KPWM,large_airport,Portland International Jetport,43.646198,-70.309303,76.0,,US,US-ME,Portland,yes,KPWM,PWM,KPWM,PWM,https://portlandjetport.org/,https://en.wikipedia.org/wiki/Portland_International_Jetport,
3838,KRAP,medium_airport,Rapid City Regional Airport,44.0452995300293,-103.05699920654295,3204.0,,US,US-SD,Rapid City,yes,KRAP,RAP,KRAP,RAP,,https://en.wikipedia.org/wiki/Rapid_City_Regional_Airport,
3841,KRDD,medium_airport,Redding Municipal Airport,40.50899887,-122.2929993,505.0,,US,US-CA,Redding,yes,KRDD,RDD,KRDD,RDD,,https://en.wikipedia.org/wiki/Redding_Municipal_Airport,
3843,KRDM,medium_airport,Roberts Field,44.254101,-121.150002,3080.0,,US,US-OR,Redmond,yes,KRDM,RDM,KRDM,RDM,,https://en.wikipedia.org/wiki/Roberts_Field,
3844,KRDU,large_airport,Raleigh-Durham International Airport,35.878659,-78.7873,435.0,,US,US-NC,Raleigh/Durham,yes,KRDU,RDU,KRDU,RDU,https://www.rdu.com/,https://en.wikipedia.org/wiki/Raleigh-Durham_International_Airport,
3845,KRFD,medium_airport,Chicago Rockford International Airport,42.1954,-89.097198,742.0,,US,US-IL,Chicago/Rockford,yes,KRFD,RFD,KRFD,RFD,,https://en.wikipedia.org/wiki/Chicago/Rockford_International_Airport,
3846,KRHI,medium_airport,Rhinelander Oneida County Airport,45.63119888305664,-89.46749877929688,1624.0,,US,US-WI,Rhinelander,yes,KRHI,RHI,KRHI,RHI,,https://en.wikipedia.org/wiki/Rhinelander-Oneida_County_Airport,
3847,KRIC,large_airport,Richmond International Airport,37.505199,-77.319702,167.0,,US,US-VA,Richmond,yes,KRIC,RIC,KRIC,RIC,https://flyrichmond.com/,https://en.wikipedia.org/wiki/Richmond_International_Airport,
20933,KRIW,medium_airport,Central Wyoming Regional Airport,43.064201,-108.459999,5525.0,,US,US-WY,Riverton,yes,KRIW,RIW,KRIW,RIW,https://centralwyomingairport.com/,https://en.wikipedia.org/wiki/Central_Wyoming_Regional_Airport,
20935,KRKD,medium_airport,Knox County Regional Airport,44.060101,-69.099197,56.0,,US,US-ME,Rockland,yes,KRKD,RKD,KRKD,RKD,,https://en.wikipedia.org/wiki/Knox_County_Regional_Airport,
3850,KRKS,medium_airport,Southwest Wyoming Regional Airport,41.5942,-109.065001,6764.0,,US,US-WY,Rock Springs,yes,KRKS,RKS,KRKS,RKS,,https://en.wikipedia.org/wiki/Rock_Springs_-_Sweetwater_County_Airport,Rock Springs Sweetwater County
3853,KRNO,large_airport,Reno Tahoe International Airport,39.4991,-119.767998,4415.0,,US,US-NV,Reno,yes,KRNO,RNO,KRNO,RNO,https://www.renoairport.com/,https://en.wikipedia.org/wiki/Reno-Tahoe_International_Airport,
3854,KROA,medium_airport,Roanoke–Blacksburg Regional Airport,37.3255,-79.975403,1175.0,,US,US-VA,Roanoke,yes,KROA,ROA,KROA,ROA,http://www.flyroa.com,https://en.wikipedia.org/wiki/Roanoke%E2%80%93Blacksburg_Regional_Airport,Woodrum Field
3855,KROC,large_airport,Frederick Douglass Greater Rochester International Airport,43.1189,-77.672401,559.0,,US,US-NY,Rochester,yes,KROC,ROC,KROC,ROC,https://rocairport.com/,https://en.wikipedia.org/wiki/Greater_Rochester_International_Airport,
3856,KROW,medium_airport,Roswell Air Center Airport,33.301601,-104.530998,3671.0,,US,US-NM,Roswell,yes,KROW,ROW,KROW,ROW,,https://en.wikipedia.org/wiki/Roswell_International_Air_Center,"Roswell Army Air Field, Walker Air Force Base"
3857,KRST,medium_airport,Rochester International Airport,43.908298,-92.5,1317.0,,US,US-MN,Rochester,yes,KRST,RST,KRST,RST,,https://en.wikipedia.org/wiki/Rochester_International_Airport,
3858,KRSW,large_airport,Southwest Florida International Airport,26.534685,-81.752816,30.0,,US,US-FL,Fort Myers,yes,KRSW,RSW,KRSW,RSW,http://www.flylcpa.com/,https://en.wikipedia.org/wiki/Southwest_Florida_International_Airport,
3859,KRUT,medium_airport,Rutland - Southern Vermont Regional Airport,43.5294,-72.9496,787.0,,US,US-VT,Rutland,yes,KRUT,RUT,KRUT,RUT,,https://en.wikipedia.org/wiki/Rutland_State_Airport,
21033,KSAF,medium_airport,Santa Fe Municipal Airport,35.6171,-106.088997,6348.0,,US,US-NM,Santa Fe,yes,KSAF,SAF,KSAF,SAF,https://flysantafe.com/flights/airlines/,https://en.wikipedia.org/wiki/Santa_Fe_Regional_Airport,
3862,KSAN,large_airport,San Diego International Airport,32.733601,-117.190002,17.0,,US,US-CA,San Diego,yes,KSAN,SAN,KSAN,SAN,http://www.san.org/,https://en.wikipedia.org/wiki/San_Diego_International_Airport,Lindbergh Field
3863,KSAT,large_airport,San Antonio International Airport,29.533701,-98.469803,809.0,,US,US-TX,San Antonio,yes,KSAT,SAT,KSAT,SAT,https://www.sanantonio.gov/aviation,https://en.wikipedia.org/wiki/San_Antonio_International_Airport,
3864,KSAV,large_airport,Savannah Hilton Head International Airport,32.126591,-81.19998,50.0,,US,US-GA,Savannah,yes,KSAV,SAV,KSAV,SAV,https://savannahairport.com/,https://en.wikipedia.org/wiki/Savannah/Hilton_Head_International_Airport,
3865,KSAW,medium_airport,Marquette Sawyer Regional Airport,46.351498,-87.395884,1221.0,,US,US-MI,Gwinn,yes,KSAW,MQT,KSAW,SAW,http://www.sawyerairport.com/,https://en.wikipedia.org/wiki/Sawyer_International_Airport,
3866,KSBA,medium_airport,Santa Barbara Municipal Airport,34.426201,-119.839996,13.0,,US,US-CA,Santa Barbara,yes,KSBA,SBA,KSBA,SBA,,https://en.wikipedia.org/wiki/Santa_Barbara_Airport,
3867,KSBD,large_airport,San Bernardino International Airport,34.096717,-117.236596,1159.0,,US,US-CA,San Bernardino,yes,KSBD,SBD,KSBD,SBD,http://sbdairport.com/,https://en.wikipedia.org/wiki/San_Bernardino_International_Airport,"Norton AFB, San Bernardino Air Depot"
3868,KSBN,medium_airport,South Bend International Airport,41.708304,-86.316922,799.0,,US,US-IN,South Bend,yes,KSBN,SBN,KSBN,SBN,https://flysbn.com,https://en.wikipedia.org/wiki/South_Bend_Regional_Airport,
3869,KSBP,medium_airport,San Luis County Regional Airport,35.236801147499996,-120.641998291,212.0,,US,US-CA,San Luis Obispo,yes,KSBP,SBP,KSBP,SBP,http://www.sloairport.com/,https://en.wikipedia.org/wiki/San_Luis_Obispo_County_Regional_Airport,SLO Airport
3870,KSBY,medium_airport,Salisbury Ocean City Wicomico Regional Airport,38.34049987792969,-75.51029968261719,52.0,,US,US-MD,Salisbury,yes,KSBY,SBY,KSBY,SBY,,https://en.wikipedia.org/wiki/Wicomico_Regional_Airport,
3872,KSCK,medium_airport,Stockton Metropolitan Airport,37.893279,-121.238079,33.0,,US,US-CA,Stockton,yes,KSCK,SCK,KSCK,SCK,http://www.sjgov.org/airport/,https://en.wikipedia.org/wiki/Stockton_Metropolitan_Airport,
3873,KSDF,large_airport,Louisville Muhammad Ali International Airport,38.1706,-85.735076,501.0,,US,US-KY,Louisville,yes,KSDF,SDF,KSDF,SDF,http://www.flylouisville.com,https://en.wikipedia.org/wiki/Louisville_International_Airport,"Louisville International, Standiford Field"
21046,KSDY,medium_airport,Sidney - Richland Regional Airport,47.705141,-104.194422,1985.0,,US,US-MT,Sidney,yes,KSDY,SDY,KSDY,SDY,,https://en.wikipedia.org/wiki/Sidney%E2%80%93Richland_Municipal_Airport,
3875,KSEA,large_airport,Seattle–Tacoma International Airport,47.447943,-122.310276,433.0,,US,US-WA,Seattle,yes,KSEA,SEA,KSEA,SEA,https://www.portseattle.org/sea-tac,https://en.wikipedia.org/wiki/Seattle%E2%80%93Tacoma_International_Airport,"Sea-Tac Airport, SeaTac Airport"
3876,KSFB,large_airport,Orlando Sanford International Airport,28.774277,-81.234626,55.0,,US,US-FL,Orlando,yes,KSFB,SFB,KSFB,SFB,https://flysfb.com,https://en.wikipedia.org/wiki/Orlando_Sanford_International_Airport,
3878,KSFO,large_airport,San Francisco International Airport,37.619806,-122.374821,13.0,,US,US-CA,San Francisco,yes,KSFO,SFO,KSFO,SFO,http://www.flysfo.com/,https://en.wikipedia.org/wiki/San_Francisco_International_Airport,"QSF, QBA"
3879,KSGF,medium_airport,Springfield Branson National Airport,37.245047,-93.388596,1268.0,,US,US-MO,Springfield,yes,KSGF,SGF,KSGF,SGF,https://flyspringfield.com,https://en.wikipedia.org/wiki/Springfield/Branson_National_Airport,
21061,KSGJ,medium_airport,Northeast Florida Regional Airport,29.9592,-81.339798,10.0,,US,US-FL,St Augustine,yes,KSGJ,UST,KSGJ,SGJ,http://www.flynf.com/,https://en.wikipedia.org/wiki/St._Augustine_Airport,"St Augustine Airport, NAAS St. Augustine"
21065,KSGU,medium_airport,St George Regional Airport,37.036389,-113.510306,2941.0,,US,US-UT,St George,yes,KSGU,SGU,KSGU,SGU,https://www.flysgu.org,https://en.wikipedia.org/wiki/St._George_Regional_Airport,DXZ
21066,KSHD,medium_airport,Shenandoah Valley Regional Airport,38.263802,-78.8964,1201.0,,US,US-VA,Weyers Cave,yes,KSHD,SHD,KSHD,SHD,,https://en.wikipedia.org/wiki/Shenandoah_Valley_Regional_Airport,"Harrisonburg, Staunton, Waynesboro"
3881,KSHR,medium_airport,Sheridan County Airport,44.76919937133789,-106.9800033569336,4021.0,,US,US-WY,Sheridan,yes,KSHR,SHR,KSHR,SHR,,https://en.wikipedia.org/wiki/Sheridan_County_Airport,
3882,KSHV,medium_airport,Shreveport Regional Airport,32.444747,-93.826741,258.0,,US,US-LA,Shreveport,yes,KSHV,SHV,KSHV,SHV,,https://en.wikipedia.org/wiki/Shreveport_Regional_Airport,
3883,KSJC,large_airport,Mineta San Jose International Airport,37.362452,-121.929188,62.0,,US,US-CA,San Jose,yes,KSJC,SJC,KSJC,SJC,https://www.flysanjose.com/,https://en.wikipedia.org/wiki/San_Jose_International_Airport,
3884,KSJT,medium_airport,San Angelo Regional Mathis Field,31.35770034790039,-100.49600219726562,1919.0,,US,US-TX,San Angelo,yes,KSJT,SJT,KSJT,SJT,,https://en.wikipedia.org/wiki/San_Angelo_Regional_Airport,
21076,KSKX,medium_airport,Taos Regional Airport,36.452494,-105.67749,7095.0,,US,US-NM,Taos,yes,KSKX,TSM,KSKX,SKX,http://www.taosairport.org/,https://en.wikipedia.org/wiki/Taos_Regional_Airport,
3887,KSLC,large_airport,Salt Lake City International Airport,40.78886,-111.979866,4227.0,,US,US-UT,Salt Lake City,yes,KSLC,SLC,KSLC,SLC,https://slcairport.com/,https://en.wikipedia.org/wiki/Salt_Lake_City_International_Airport,
3888,KSLE,medium_airport,Salem-Willamette Valley Airport/McNary Field,44.9095,-123.002998,214.0,,US,US-OR,Salem,yes,KSLE,SLE,KSLE,SLE,http://www.flysalem.com/,https://en.wikipedia.org/wiki/McNary_Field,4OR1
3890,KSLK,medium_airport,Adirondack Regional Airport,44.38691,-74.204629,1663.0,,US,US-NY,Saranac Lake,yes,KSLK,SLK,KSLK,SLK,,https://en.wikipedia.org/wiki/Adirondack_Regional_Airport,
3891,KSLN,medium_airport,Salina Municipal Airport,38.79100036621094,-97.6521987915039,1288.0,,US,US-KS,Salina,yes,KSLN,SLN,KSLN,SLN,,https://en.wikipedia.org/wiki/Salina_Municipal_Airport,
3892,KSMF,large_airport,Sacramento International Airport,38.6954,-121.591003,27.0,,US,US-CA,Sacramento,yes,KSMF,SMF,KSMF,SMF,https://sacramento.aero/smf,https://en.wikipedia.org/wiki/Sacramento_International_Airport,
21086,KSMN,medium_airport,Lemhi County Airport,45.122233,-113.88196,4043.0,,US,US-ID,Salmon,yes,KSMN,SMN,KSMN,SMN,http://lemhicountyairport.com/,https://en.wikipedia.org/wiki/Lemhi_County_Airport,
3893,KSMX,medium_airport,Santa Maria Public Airport Captain G Allan Hancock Field,34.898899,-120.457001,261.0,,US,US-CA,Santa Maria,yes,KSMX,SMX,KSMX,SMX,,https://en.wikipedia.org/wiki/Santa_Maria_Public_Airport,
3894,KSNA,large_airport,John Wayne Orange County International Airport,33.675063,-117.869281,56.0,,US,US-CA,Santa Ana,yes,KSNA,SNA,KSNA,SNA,http://www.ocair.com/,https://en.wikipedia.org/wiki/John_Wayne_Airport,"Disney, Disneyland, Orange County"
21097,KSOW,medium_airport,Show Low Regional Airport,34.264062,-110.007091,6415.0,,US,US-AZ,Show Low,yes,KSOW,SOW,KSOW,SOW,,https://en.wikipedia.org/wiki/Show_Low_Regional_Airport,
3897,KSPI,medium_airport,Abraham Lincoln Capital Airport,39.844101,-89.677902,598.0,,US,US-IL,Springfield,yes,KSPI,SPI,KSPI,SPI,,https://en.wikipedia.org/wiki/Abraham_Lincoln_Capital_Airport,
3898,KSPS,medium_airport,Wichita Falls Municipal Airport / Sheppard Air Force Base,33.9888,-98.491898,1019.0,,US,US-TX,Wichita Falls,yes,KSPS,SPS,KSPS,SPS,http://www.flywichitafalls.net/,https://en.wikipedia.org/wiki/Wichita_Falls_Municipal_Airport,Sheppard Air Force Base
21105,KSQL,medium_airport,San Carlos Airport,37.51313,-122.250838,5.0,,US,US-CA,San Carlos,yes,KSQL,SQL,KSQL,SQL,http://publicworks.smcgov.org/san-carlos-airport,https://en.wikipedia.org/wiki/San_Carlos_Airport_(California),"San Carlos-Belmont Airport, San Mateo Country Airport"
3899,KSRQ,large_airport,Sarasota Bradenton International Airport,27.394631,-82.554359,30.0,,US,US-FL,Sarasota/Bradenton,yes,KSRQ,SRQ,KSRQ,SRQ,https://flysrq.com,https://en.wikipedia.org/wiki/Sarasota-Bradenton_International_Airport,
3903,KSTC,medium_airport,Saint Cloud Regional Airport,45.5466,-94.059898,1031.0,,US,US-MN,Saint Cloud,yes,KSTC,STC,KSTC,STC,,https://en.wikipedia.org/wiki/St._Cloud_Regional_Airport,
3905,KSTL,large_airport,St. Louis Lambert International Airport,38.748697,-90.370003,618.0,,US,US-MO,St Louis,yes,KSTL,STL,KSTL,STL,https://www.flystl.com/,https://en.wikipedia.org/wiki/St._Louis_Lambert_International_Airport,Lambert St Louis
21114,KSTS,medium_airport,Charles M. Schulz Sonoma County Airport,38.50899887,-122.8130035,128.0,,US,US-CA,Santa Rosa,yes,KSTS,STS,KSTS,STS,http://www.sonomacountyairport.org/,https://en.wikipedia.org/wiki/Charles_M._Schulz_-_Sonoma_County_Airport,
21118,KSUN,medium_airport,Friedman Memorial Airport,43.50439835,-114.2959976,5318.0,,US,US-ID,Hailey,yes,KSUN,SUN,KSUN,SUN,,https://en.wikipedia.org/wiki/Friedman_Memorial_Airport,
3909,KSUX,medium_airport,Sioux Gateway Airport / Brigadier General Bud Day Field,42.397605,-96.382237,1098.0,,US,US-IA,Sioux City,yes,KSUX,SUX,KSUX,SUX,https://www.sioux-city.org/government/departments-a-f/airport,https://en.wikipedia.org/wiki/Sioux_Gateway_Airport,"Col. Bud Day, Sioux City AB, Sioux City AAB"
21121,KSVC,medium_airport,Grant County Airport,32.636701,-108.154736,5446.0,,US,US-NM,Silver City,yes,KSVC,SVC,KSVC,SVC,,https://en.wikipedia.org/wiki/Grant_County_Airport_(New_Mexico),
3911,KSWF,medium_airport,New York Stewart International Airport,41.50421,-74.108901,491.0,,US,US-NY,Newburgh,yes,KSWF,SWF,KSWF,SWF,https://www.swfny.com/,https://en.wikipedia.org/wiki/Stewart_International_Airport,
3912,KSWO,medium_airport,Stillwater Regional Airport,36.162132,-97.085581,1000.0,,US,US-OK,Stillwater,yes,KSWO,SWO,KSWO,SWO,http://stillwater.org/government/city_facilities/stillwater_regional_airport/,https://en.wikipedia.org/wiki/Stillwater_Regional_Airport,
3913,KSYR,large_airport,Syracuse Hancock International Airport,43.11119842529297,-76.1063003540039,421.0,,US,US-NY,Syracuse,yes,KSYR,SYR,KSYR,SYR,http://www.syrairport.org/,https://en.wikipedia.org/wiki/Syracuse_Hancock_International_Airport,
3915,KTBN,medium_airport,Waynesville-St. Robert Regional Airport-Forney Field,37.7416,-92.140701,1159.0,,US,US-MO,Fort Leonard Wood,yes,KTBN,TBN,KTBN,TBN,,https://en.wikipedia.org/wiki/Waynesville_Regional_Airport_at_Forney_Field,
3920,KTEB,medium_airport,Teterboro Airport,40.850101,-74.060799,9.0,,US,US-NJ,Teterboro,yes,KTEB,TEB,KTEB,TEB,http://www.teb.com/,https://en.wikipedia.org/wiki/Teterboro_Airport,"Manhattan, New York City, NYC"
21188,KTEX,medium_airport,Telluride Regional Airport,37.9538,-107.907997,9070.0,,US,US-CO,Telluride,yes,KTEX,TEX,KTEX,TEX,https://tellurideairport.com/,https://en.wikipedia.org/wiki/Telluride_Regional_Airport,
3922,KTIW,medium_airport,Tacoma Narrows Airport,47.267407,-122.577295,294.0,,US,US-WA,Tacoma,yes,KTIW,TIW,KTIW,TIW,,https://en.wikipedia.org/wiki/Tacoma_Narrows_Airport,
3924,KTLH,medium_airport,Tallahassee International Airport,30.401209,-84.35433,81.0,,US,US-FL,Tallahassee,yes,KTLH,TLH,KTLH,TLH,https://www.talgov.com/airport/airport,https://en.wikipedia.org/wiki/Tallahassee_Regional_Airport,
3925,KTOL,medium_airport,Eugene F. Kranz Toledo Express Airport,41.5868,-83.8078,683.0,,US,US-OH,Toledo,yes,KTOL,TOL,KTOL,TOL,,https://en.wikipedia.org/wiki/Toledo_Express_Airport,
3926,KTPA,large_airport,Tampa International Airport,27.9755,-82.533203,26.0,,US,US-FL,Tampa,yes,KTPA,TPA,KTPA,TPA,https://www.tampaairport.com/,https://en.wikipedia.org/wiki/Tampa_International_Airport,
3928,KTRI,medium_airport,Tri-Cities Regional TN/VA Airport,36.475201,-82.407401,1519.0,,US,US-TN,Blountville,yes,KTRI,TRI,KTRI,TRI,,https://en.wikipedia.org/wiki/Tri-Cities_Regional_Airport,
21220,KTRK,medium_airport,Truckee Tahoe Airport,39.318628,-120.140562,5900.0,,US,US-CA,Truckee,yes,KTRK,TKF,KTRK,TRK,,https://en.wikipedia.org/wiki/Truckee_Tahoe_Airport,
3929,KTTN,medium_airport,Trenton Mercer Airport,40.276699,-74.813499,213.0,,US,US-NJ,Ewing Township,yes,KTTN,TTN,KTTN,TTN,,https://en.wikipedia.org/wiki/Trenton-Mercer_Airport,
3930,KTUL,large_airport,Tulsa International Airport,36.197084,-95.886225,677.0,,US,US-OK,Tulsa,yes,KTUL,TUL,KTUL,TUL,,https://en.wikipedia.org/wiki/Tulsa_International_Airport,
3931,KTUP,medium_airport,Tupelo Regional Airport,34.26810073852539,-88.7698974609375,346.0,,US,US-MS,Tupelo,yes,KTUP,TUP,KTUP,TUP,,https://en.wikipedia.org/wiki/Tupelo_Regional_Airport,
3932,KTUS,large_airport,Tucson International Airport,32.115004,-110.938053,2643.0,,US,US-AZ,Tucson,yes,KTUS,TUS,KTUS,TUS,https://www.flytucson.com/,https://en.wikipedia.org/wiki/Tucson_International_Airport,Morris Air National Guard Base
3933,KTVC,medium_airport,Cherry Capital Airport,44.741402,-85.582199,624.0,,US,US-MI,Traverse City,yes,KTVC,TVC,KTVC,TVC,https://tvcairport.com,https://en.wikipedia.org/wiki/Cherry_Capital_Airport,
21232,KTVF,medium_airport,Thief River Falls Regional Airport,48.065701,-96.184998,1119.0,,US,US-MN,Thief River Falls,yes,KTVF,TVF,KTVF,TVF,,https://en.wikipedia.org/wiki/Thief_River_Falls_Regional_Airport,
3935,KTWF,medium_airport,Joslin Field Magic Valley Regional Airport,42.4818,-114.487999,4154.0,,US,US-ID,Twin Falls,yes,KTWF,TWF,KTWF,TWF,,https://en.wikipedia.org/wiki/Magic_Valley_Regional_Airport,
3936,KTXK,medium_airport,Texarkana Regional Airport (Webb Field),33.453701,-93.990997,390.0,,US,US-AR,Texarkana,yes,KTXK,TXK,KTXK,TXK,,https://en.wikipedia.org/wiki/Texarkana_Regional_Airport,
3937,KTYR,medium_airport,Tyler Pounds Regional Airport,32.35409927368164,-95.40239715576172,544.0,,US,US-TX,Tyler,yes,KTYR,TYR,KTYR,TYR,,https://en.wikipedia.org/wiki/Tyler_Pounds_Regional_Airport,
3938,KTYS,large_airport,McGhee Tyson Airport,35.811001,-83.994003,981.0,,US,US-TN,Knoxville/Maryville,yes,KTYS,TYS,KTYS,TYS,https://flyknowxville.com,https://en.wikipedia.org/wiki/McGhee_Tyson_Airport,Knoxville
3940,KUIN,medium_airport,Quincy Regional Airport Baldwin Field,39.942699,-91.194603,768.0,,US,US-IL,Quincy,yes,KUIN,UIN,KUIN,UIN,,https://en.wikipedia.org/wiki/Quincy_Regional_Airport,
21300,KUNV,medium_airport,State College Regional Airport,40.849374,-77.84852,1239.0,,US,US-PA,State College,yes,KUNV,SCE,KUNV,UNV,http://universityparkairport.com/,https://en.wikipedia.org/wiki/University_Park_Airport,University Park
21305,KUUU,medium_airport,Newport State Airport,41.532207,-71.281039,172.0,,US,US-RI,Newport,yes,KUUU,NPT,KUUU,UUU,,https://en.wikipedia.org/wiki/Newport_State_Airport_(Rhode_Island),2B4
3945,KVCT,medium_airport,Victoria Regional Airport,28.85260009765625,-96.9185028076172,115.0,,US,US-TX,Victoria,yes,KVCT,VCT,KVCT,VCT,,https://en.wikipedia.org/wiki/Victoria_Regional_Airport,
21318,KVEL,medium_airport,Vernal Regional Airport,40.436214,-109.511661,5278.0,,US,US-UT,Vernal,yes,KVEL,VEL,KVEL,VEL,,https://en.wikipedia.org/wiki/Vernal_Airport,
3946,KVLD,medium_airport,Valdosta Regional Airport,30.782499313354492,-83.27670288085938,203.0,,US,US-GA,Valdosta,yes,KVLD,VLD,KVLD,VLD,,https://en.wikipedia.org/wiki/Valdosta_Regional_Airport,
3948,KVPS,medium_airport,Destin-Fort Walton Beach Airport,30.481315,-86.515839,87.0,,US,US-FL,Valparaiso,yes,KVPS,VPS,KVPS,VPS,http://www.flyvps.com/,https://en.wikipedia.org/wiki/Destin%E2%80%93Fort_Walton_Beach_Airport,Eglin AFB
3950,KVRB,medium_airport,Vero Beach Regional Airport,27.6556,-80.417901,24.0,,US,US-FL,Vero Beach,yes,KVRB,VRB,KVRB,VRB,http://verobeachairport.org/,https://en.wikipedia.org/wiki/Vero_Beach_Municipal_Airport,Vero Beach Municipal
21382,KWST,medium_airport,Westerly State Airport,41.349602,-71.803398,81.0,,US,US-RI,Westerly,yes,KWST,WST,KWST,WST,,https://en.wikipedia.org/wiki/Westerly_State_Airport,
3955,KWYS,medium_airport,Yellowstone Airport,44.6884,-111.117996,6649.0,,US,US-MT,West Yellowstone,yes,KWYS,WYS,KWYS,WYS,https://yellowstoneairport.mdt.mt.gov,https://en.wikipedia.org/wiki/Yellowstone_Airport,
21410,KXNA,medium_airport,Northwest Arkansas National Airport,36.281898,-94.306801,1287.0,,US,US-AR,Fayetteville/Springdale/Rogers,yes,KXNA,XNA,KXNA,XNA,http://www.flyxna.com/,https://en.wikipedia.org/wiki/Northwest_Arkansas_Regional_Airport,"Bentonville, Rogers"
324440,KXWA,medium_airport,Williston Basin International Airport,48.260863,-103.75116,2344.0,,US,US-ND,Williston,yes,KXWA,XWA,KXWA,XWA,http://www.xwaproject.com/,https://en.wikipedia.org/wiki/Williston_Basin_International_Airport,
3958,KYKM,medium_airport,Yakima Air Terminal McAllister Field,46.56819916,-120.5439987,1099.0,,US,US-WA,Yakima,yes,KYKM,YKM,KYKM,YKM,,https://en.wikipedia.org/wiki/Yakima_Air_Terminal,
5337,PABA,medium_airport,Barter Island Long Range Radar Station Airport,70.134003,-143.582001,2.0,,US,US-AK,Barter Island,yes,PABA,BTI,PABA,BTI,,https://en.wikipedia.org/wiki/Barter_Island_LRRS_Airport,
5338,PABE,medium_airport,Bethel Airport,60.77980042,-161.8379974,126.0,,US,US-AK,Bethel,yes,PABE,BET,PABE,BET,,https://en.wikipedia.org/wiki/Bethel_Airport,
5342,PABR,medium_airport,Wiley Post Will Rogers Memorial Airport,71.285402,-156.766008,44.0,,US,US-AK,Utqiaġvik,yes,PABR,BRW,PABR,BRW,,https://en.wikipedia.org/wiki/Wiley_Post-Will_Rogers_Memorial_Airport,Barrow
5345,PACD,medium_airport,Cold Bay Airport,55.207871,-162.725029,96.0,,US,US-AK,Cold Bay,yes,PACD,CDB,PACD,CDB,,https://en.wikipedia.org/wiki/Cold_Bay_Airport,
5348,PACV,medium_airport,Merle K (Mudhole) Smith Airport,60.491798,-145.477997,54.0,,US,US-AK,Cordova,yes,PACV,CDV,PACV,CDV,,https://en.wikipedia.org/wiki/Merle_K._(Mudhole)_Smith_Airport,Cordova Mile 13
5350,PADE,medium_airport,Deering Airport,66.068901,-162.766914,21.0,,US,US-AK,Deering,yes,PADE,DRG,PADE,DEE,,https://en.wikipedia.org/wiki/Deering_Airport,0Z0
16092,PADK,medium_airport,Adak Airport,51.883564,-176.642783,18.0,,US,US-AK,Adak,yes,PADK,ADK,PADK,ADK,,https://en.wikipedia.org/wiki/Adak_Airport,
5351,PADL,medium_airport,Dillingham Airport,59.04470062,-158.5050049,81.0,,US,US-AK,Dillingham,yes,PADL,DLG,PADL,DLG,,https://en.wikipedia.org/wiki/Dillingham_Airport,
5353,PADQ,medium_airport,Kodiak Airport,57.75,-152.4940033,78.0,,US,US-AK,Kodiak,yes,PADQ,ADQ,PADQ,ADQ,,https://en.wikipedia.org/wiki/Kodiak_Airport,
5354,PADU,medium_airport,Tom Madsen (Dutch Harbor) Airport,53.89881,-166.544996,22.0,,US,US-AK,Unalaska,yes,PADU,DUT,PADU,DUT,,https://en.wikipedia.org/wiki/Unalaska_Airport,"Dutch Harbor, Unalaska"
5358,PAEM,medium_airport,Emmonak Airport,62.78609848,-164.4909973,13.0,,US,US-AK,Emmonak,yes,PAEM,EMK,PAEM,ENM,,https://en.wikipedia.org/wiki/Emmonak_Airport,
5359,PAEN,medium_airport,Kenai Municipal Airport,60.570946,-151.245174,99.0,,US,US-AK,Kenai,yes,PAEN,ENA,PAEN,ENA,,https://en.wikipedia.org/wiki/Kenai_Municipal_Airport,
5360,PAFA,medium_airport,Fairbanks International Airport,64.815102,-147.856003,439.0,,US,US-AK,Fairbanks,yes,PAFA,FAI,PAFA,FAI,,https://en.wikipedia.org/wiki/Fairbanks_International_Airport,
5363,PAFM,medium_airport,Ambler Airport,67.105529,-157.855339,334.0,,US,US-AK,Ambler,yes,PAFM,ABL,PAFM,AFM,,https://en.wikipedia.org/wiki/Ambler_Airport,Z60
5365,PAGA,medium_airport,Edward G. Pitka Sr Airport,64.736198,-156.936997,153.0,,US,US-AK,Galena,yes,PAGA,GAL,PAGA,GAL,,https://en.wikipedia.org/wiki/Edward_G._Pitka_Sr._Airport,
5367,PAGK,medium_airport,Gulkana Airport,62.155859,-145.454662,1586.0,,US,US-AK,Gulkana,yes,PAGK,GKN,PAGK,GKN,,https://en.wikipedia.org/wiki/Gulkana_Airport,
5368,PAGM,medium_airport,Gambell Airport,63.767694,-171.733303,27.0,,US,US-AK,Gambell,yes,PAGM,GAM,PAGM,GAM,,https://en.wikipedia.org/wiki/Gambell_Airport,
5369,PAGS,medium_airport,Gustavus Airport,58.4253006,-135.7070007,35.0,,US,US-AK,Gustavus,yes,PAGS,GST,PAGS,GST,,https://en.wikipedia.org/wiki/Gustavus_Airport,
17619,PAHC,medium_airport,Holy Cross Airport,62.18830108642578,-159.77499389648438,70.0,,US,US-AK,Holy Cross,yes,PAHC,HCR,PAHC,HCA,,https://en.wikipedia.org/wiki/Holy_Cross_Airport,4Z4
5370,PAHL,medium_airport,Huslia Airport,65.697899,-156.350998,220.0,,US,US-AK,Huslia,yes,PAHL,HSL,PAHL,HLA,,https://en.wikipedia.org/wiki/Huslia_Airport,
5372,PAHN,medium_airport,Haines Airport,59.243921,-135.523925,15.0,,US,US-AK,Haines,yes,PAHN,HNS,PAHN,HNS,,https://en.wikipedia.org/wiki/Haines_Airport,
5373,PAHO,medium_airport,Homer Airport,59.644456,-151.479235,84.0,,US,US-AK,Homer,yes,PAHO,HOM,PAHO,HOM,,https://en.wikipedia.org/wiki/Homer_Airport,
5375,PAII,medium_airport,Egegik Airport,58.184386,-157.374873,92.0,,US,US-AK,Egegik,yes,PAII,EGX,PAII,EII,,https://en.wikipedia.org/wiki/Egegik_Airport,
5376,PAIK,medium_airport,Bob Baker Memorial Airport,66.976128,-160.439014,166.0,,US,US-AK,Kiana,yes,PAIK,IAN,PAIK,IAN,,https://en.wikipedia.org/wiki/Bob_Baker_Memorial_Airport,
5377,PAIL,medium_airport,Iliamna Airport,59.754398,-154.910996,192.0,,US,US-AK,Iliamna,yes,PAIL,ILI,PAIL,ILI,,https://en.wikipedia.org/wiki/Iliamna_Airport,
5378,PAIM,medium_airport,Indian Mountain LRRS Airport,65.992798,-153.703995,1273.0,,US,US-AK,Utopia Creek,yes,PAIM,UTO,PAIM,UTO,,https://en.wikipedia.org/wiki/Indian_Mountain_LRRS_Airport,
5379,PAJN,medium_airport,Juneau International Airport,58.354935,-134.574416,21.0,,US,US-AK,Juneau,yes,PAJN,JNU,PAJN,JNU,https://juneau.org/airport,https://en.wikipedia.org/wiki/Juneau_International_Airport,
5380,PAKN,medium_airport,King Salmon Airport,58.677845,-156.651965,73.0,,US,US-AK,King Salmon,yes,PAKN,AKN,PAKN,AKN,,https://en.wikipedia.org/wiki/King_Salmon_Airport,Naknek Air Force Base
5381,PAKP,medium_airport,Anaktuvuk Pass Airport,68.133598,-151.742996,2102.0,,US,US-AK,Anaktuvuk Pass,yes,PAKP,AKP,PAKP,AKP,,https://en.wikipedia.org/wiki/Anaktuvuk_Pass_Airport,
5382,PAKT,medium_airport,Ketchikan International Airport,55.35559845,-131.7140045,89.0,,US,US-AK,Ketchikan,yes,PAKT,KTN,PAKT,KTN,,https://en.wikipedia.org/wiki/Ketchikan_International_Airport,
5383,PAKW,medium_airport,Klawock Airport,55.579201,-133.076004,80.0,,US,US-AK,Klawock,yes,PAKW,KLW,PAKW,AKW,,https://en.wikipedia.org/wiki/Klawock_Airport,9Z1
5385,PALU,medium_airport,Cape Lisburne LRRS Airport,68.875099,-166.110001,16.0,,US,US-AK,Cape Lisburne,yes,PALU,LUR,PALU,LUR,,https://en.wikipedia.org/wiki/Cape_Lisburne_LRRS_Airport,
21844,PAMC,medium_airport,McGrath Airport,62.95289993,-155.6060028,341.0,,US,US-AK,McGrath,yes,PAMC,MCG,PAMC,MCG,,https://en.wikipedia.org/wiki/McGrath_Airport,
5386,PAMR,medium_airport,Merrill Field,61.212792,-149.843988,137.0,,US,US-AK,Anchorage,yes,PAMR,MRI,PAMR,MRI,,https://en.wikipedia.org/wiki/Merrill_Field,
5387,PAMY,medium_airport,Mekoryuk Airport,60.372338,-166.269751,48.0,,US,US-AK,Mekoryuk,yes,PAMY,MYU,PAMY,MYU,,https://en.wikipedia.org/wiki/Mekoryuk_Airport,
5388,PANC,large_airport,Ted Stevens Anchorage International Airport,61.179004,-149.992561,152.0,,US,US-AK,Anchorage,yes,PANC,ANC,PANC,ANC,https://dot.alaska.gov/anc/,https://en.wikipedia.org/wiki/Ted_Stevens_Anchorage_International_Airport,Anchorage
16291,PANI,medium_airport,Aniak Airport,61.581600189208984,-159.54299926757812,88.0,,US,US-AK,Aniak,yes,PANI,ANI,PANI,ANI,,https://en.wikipedia.org/wiki/Aniak_Airport,
5392,PANV,medium_airport,Anvik Airport,62.646702,-160.190994,291.0,,US,US-AK,Anvik,yes,PANV,ANV,PANV,ANV,,https://en.wikipedia.org/wiki/Anvik_Airport,
5393,PAOM,medium_airport,Nome Airport,64.51219940185547,-165.44500732421875,37.0,,US,US-AK,Nome,yes,PAOM,OME,PAOM,OME,,https://en.wikipedia.org/wiki/Nome_Airport,
5394,PAOR,medium_airport,Northway Airport,62.9613,-141.929001,1715.0,,US,US-AK,Northway,yes,PAOR,ORT,PAOR,ORT,,https://en.wikipedia.org/wiki/Northway_Airport,
5395,PAOT,medium_airport,Ralph Wien Memorial Airport,66.88469696,-162.598999,14.0,,US,US-AK,Kotzebue,yes,PAOT,OTZ,PAOT,OTZ,,https://en.wikipedia.org/wiki/Ralph_Wien_Memorial_Airport,
5396,PAPB,medium_airport,St George Airport,56.577345,-169.663823,125.0,,US,US-AK,St George,yes,PAPB,STG,PAPB,PBV,,https://en.wikipedia.org/wiki/St._George_Airport_(Alaska),A8L
5398,PAPG,medium_airport,Petersburg James A Johnson Airport,56.80170059,-132.9450073,111.0,,US,US-AK,Petersburg,yes,PAPG,PSG,PAPG,PSG,,https://en.wikipedia.org/wiki/Petersburg_James_A._Johnson_Airport,
5399,PAPH,medium_airport,Port Heiden Airport,56.957893,-158.630219,95.0,,US,US-AK,Port Heiden,yes,PAPH,PTH,PAPH,PTH,,https://en.wikipedia.org/wiki/Port_Heiden_Airport,
5400,PAPM,medium_airport,Platinum Airport,59.017675,-161.827927,15.0,,US,US-AK,Platinum,yes,PAPM,PTU,PAPM,PTU,,https://en.wikipedia.org/wiki/Platinum_Airport,
5401,PAQT,medium_airport,Nuiqsut Airport,70.209999,-151.005998,38.0,,US,US-AK,Nuiqsut,yes,PAQT,NUI,PAQT,AQT,,https://en.wikipedia.org/wiki/Nuiqsut_Airport,10AK
5402,PARC,medium_airport,Arctic Village Airport,68.1147,-145.578995,2092.0,,US,US-AK,Arctic Village,yes,PARC,ARC,PARC,ARC,,https://en.wikipedia.org/wiki/Arctic_Village_Airport,
5403,PARY,medium_airport,Ruby Airport,64.727203,-155.470001,658.0,,US,US-AK,Ruby,yes,PARY,RBY,PARY,RBY,,https://en.wikipedia.org/wiki/Ruby_Airport,
5404,PASA,medium_airport,Savoonga Airport,63.686401,-170.492996,53.0,,US,US-AK,Savoonga,yes,PASA,SVA,PASA,SVA,,https://en.wikipedia.org/wiki/Savoonga_Airport,
5405,PASC,medium_airport,Deadhorse Airport,70.19470215,-148.4649963,65.0,,US,US-AK,Deadhorse,yes,PASC,SCC,PASC,SCC,,https://en.wikipedia.org/wiki/Deadhorse_Airport,
5406,PASD,medium_airport,Sand Point Airport,55.313908,-160.522099,21.0,,US,US-AK,Sand Point,yes,PASD,SDP,PASD,SDP,,https://en.wikipedia.org/wiki/Sand_Point_Airport,
5408,PASI,medium_airport,Sitka Rocky Gutierrez Airport,57.04710006713867,-135.36199951171875,21.0,,US,US-AK,Sitka,yes,PASI,SIT,PASI,SIT,,https://en.wikipedia.org/wiki/Sitka_Rocky_Gutierrez_Airport,
5410,PASN,medium_airport,St Paul Island Airport,57.166311,-170.222555,63.0,,US,US-AK,St Paul Island,yes,PASN,SNP,PASN,SNP,,https://en.wikipedia.org/wiki/St._Paul_Island_Airport,Pribilof
5416,PATQ,medium_airport,Atqasuk Edward Burnell Sr Memorial Airport,70.46704,-157.436013,96.0,,US,US-AK,Atqasuk,yes,PATQ,ATK,PATQ,ATK,,https://en.wikipedia.org/wiki/Atqasuk_Edward_Burnell_Sr._Memorial_Airport,Z46
5389,PAUN,medium_airport,Unalakleet Airport,63.888401,-160.798996,27.0,,US,US-AK,Unalakleet,yes,PAUN,UNK,PAUN,UNK,,https://en.wikipedia.org/wiki/Unalakleet_Airport,
5418,PAVD,medium_airport,Valdez Pioneer Field,61.132712,-146.246567,121.0,,US,US-AK,Valdez,yes,PAVD,VDZ,PAVD,VDZ,,https://en.wikipedia.org/wiki/Valdez_Airport,Valdez Number 2
5421,PAWG,medium_airport,Wrangell Airport,56.48429871,-132.3699951,49.0,,US,US-AK,Wrangell,yes,PAWG,WRG,PAWG,WRG,,https://en.wikipedia.org/wiki/Wrangell_Airport,
5422,PAWI,medium_airport,Wainwright Airport,70.638,-159.994995,41.0,,US,US-AK,Wainwright,yes,PAWI,AIN,PAWI,AWI,,https://en.wikipedia.org/wiki/Wainwright_Airport_(Alaska),5WW
26343,PAYA,medium_airport,Yakutat Airport,59.508717,-139.660435,33.0,,US,US-AK,Yakutat,yes,PAYA,YAK,PAYA,YAK,,https://en.wikipedia.org/wiki/Yakutat_Airport,
5429,PFYU,medium_airport,Fort Yukon Airport,66.571651,-145.249987,433.0,,US,US-AK,Fort Yukon,yes,PFYU,FYU,PFYU,FYU,,https://en.wikipedia.org/wiki/Fort_Yukon_Airport,
5444,PHHN,medium_airport,Hana Airport,20.795601,-156.014008,78.0,OC,US,US-HI,Hana,yes,PHHN,HNM,PHHN,HNM,,https://en.wikipedia.org/wiki/Hana_Airport,
5446,PHJH,medium_airport,Kapalua Airport,20.9629,-156.673004,256.0,OC,US,US-HI,Lahaina,yes,PHJH,JHM,PHJH,JHM,,https://en.wikipedia.org/wiki/Kapalua_Airport,
5448,PHKO,large_airport,Ellison Onizuka Kona International Airport at Keāhole,19.738783,-156.045603,47.0,OC,US,US-HI,Kailua-Kona,yes,PHKO,KOA,PHKO,KOA,https://airports.hawaii.gov/koa/,https://en.wikipedia.org/wiki/Kona_International_Airport,
5449,PHLI,large_airport,Lihue Airport,21.974393,-159.337146,153.0,OC,US,US-HI,"Lihue, Kauai",yes,PHLI,LIH,PHLI,LIH,https://airports.hawaii.gov/lih,https://en.wikipedia.org/wiki/Lihu'e_Airport,
5450,PHMK,medium_airport,Molokai Airport,21.152901,-157.095993,454.0,OC,US,US-HI,Kaunakakai,yes,PHMK,MKK,PHMK,MKK,,https://en.wikipedia.org/wiki/Molokai_Airport,
5451,PHMU,medium_airport,Waimea Kohala Airport,20.001301,-155.667999,2671.0,OC,US,US-HI,Waimea (Kamuela),yes,PHMU,MUE,PHMU,MUE,,https://en.wikipedia.org/wiki/Waimea-Kohala_Airport,
5453,PHNL,large_airport,Daniel K. Inouye International Airport,21.318387,-157.92567,13.0,OC,US,US-HI,"Honolulu, Oahu",yes,PHNL,HNL,PHNL,HNL,http://airports.hawaii.gov/hnl/,https://en.wikipedia.org/wiki/Daniel_K._Inouye_International_Airport,"Hickam Air Force Base, HIK, PHIK, KHNL, Honolulu International"
5454,PHNY,medium_airport,Lanai Airport,20.785675,-156.951324,1308.0,OC,US,US-HI,Lanai City,yes,PHNY,LNY,PHNY,LNY,,https://en.wikipedia.org/wiki/Lanai_Airport,
5455,PHOG,large_airport,Kahului International Airport,20.896263,-156.431837,54.0,OC,US,US-HI,Kahului,yes,PHOG,OGG,PHOG,OGG,https://airports.hawaii.gov/ogg/,https://en.wikipedia.org/wiki/Kahului_Airport,
5457,PHTO,medium_airport,Hilo International Airport,19.72135,-155.045428,38.0,OC,US,US-HI,Hilo,yes,PHTO,ITO,PHTO,ITO,,https://en.wikipedia.org/wiki/Hilo_International_Airport,
5495,PPIZ,medium_airport,Point Lay LRRS Airport,69.732903,-163.005005,22.0,,US,US-AK,Point Lay,yes,PPIZ,PIZ,PPIZ,PIZ,,https://en.wikipedia.org/wiki/Point_Lay_LRRS_Airport,
